-- Adminer 4.2.2 MySQL dump

SET NAMES utf8;
SET time_zone = '+00:00';
SET foreign_key_checks = 0;
SET sql_mode = 'NO_AUTO_VALUE_ON_ZERO';

DROP TABLE IF EXISTS `installer`;
CREATE TABLE `installer` (
  `id` int(1) NOT NULL,
  `installer_flag` int(1) NOT NULL,
  PRIMARY KEY (`id`)
) ENGINE=InnoDB DEFAULT CHARSET=utf8;

INSERT INTO `installer` (`id`, `installer_flag`) VALUES
(1,	1);

DROP TABLE IF EXISTS `tbl_accounts`;
CREATE TABLE `tbl_accounts` (
  `account_id` int(11) NOT NULL AUTO_INCREMENT,
  `account_name` varchar(100) COLLATE utf8_unicode_ci NOT NULL,
  `description` varchar(200) COLLATE utf8_unicode_ci NOT NULL,
  `balance` decimal(18,2) NOT NULL DEFAULT '0.00',
  `permission` text COLLATE utf8_unicode_ci,
  PRIMARY KEY (`account_id`)
) ENGINE=InnoDB DEFAULT CHARSET=utf8 COLLATE=utf8_unicode_ci;

INSERT INTO `tbl_accounts` (`account_id`, `account_name`, `description`, `balance`, `permission`) VALUES
(1,	'Raja Amer Khan - Cash in Hand',	'',	8068.02,	NULL),
(2,	'Rehaan Farooq - Cash in Hand',	'',	74037.00,	NULL),
(3,	'Shoaib - Cash in Hand',	'',	0.00,	NULL);

DROP TABLE IF EXISTS `tbl_account_details`;
CREATE TABLE `tbl_account_details` (
  `account_details_id` bigint(20) unsigned NOT NULL AUTO_INCREMENT,
  `user_id` int(11) NOT NULL,
  `fullname` varchar(160) COLLATE utf8_unicode_ci DEFAULT NULL,
  `company` varchar(150) COLLATE utf8_unicode_ci DEFAULT NULL,
  `city` varchar(40) COLLATE utf8_unicode_ci DEFAULT NULL,
  `country` varchar(100) COLLATE utf8_unicode_ci DEFAULT NULL,
  `locale` varchar(100) COLLATE utf8_unicode_ci DEFAULT 'en_US',
  `address` varchar(64) COLLATE utf8_unicode_ci DEFAULT '-',
  `phone` varchar(32) COLLATE utf8_unicode_ci DEFAULT '-',
  `mobile` varchar(32) COLLATE utf8_unicode_ci DEFAULT '',
  `skype` varchar(100) COLLATE utf8_unicode_ci DEFAULT '',
  `language` varchar(40) COLLATE utf8_unicode_ci DEFAULT 'english',
  `departments_id` int(11) DEFAULT '0',
  `avatar` varchar(200) COLLATE utf8_unicode_ci DEFAULT 'uploads/default_avatar.jpg',
  PRIMARY KEY (`account_details_id`)
) ENGINE=InnoDB DEFAULT CHARSET=utf8 COLLATE=utf8_unicode_ci ROW_FORMAT=DYNAMIC;

INSERT INTO `tbl_account_details` (`account_details_id`, `user_id`, `fullname`, `company`, `city`, `country`, `locale`, `address`, `phone`, `mobile`, `skype`, `language`, `departments_id`, `avatar`) VALUES
(1,	1,	'Raja Amer Khan',	'-',	NULL,	NULL,	'en_US',	'-',	'+923135511226',	'0172361125',	'skype',	'english',	0,	'uploads/20140101_165740.jpg'),
(3,	3,	'Rehan Farooq',	'-',	NULL,	NULL,	'ur_PK',	'-',	'',	'03135503110',	'rehan.codite',	'english',	0,	'uploads/rehan.jpg'),
(4,	4,	'Muhammad Shoaib',	'-',	NULL,	NULL,	'ur_PK',	'-',	'',	'03336846266',	'',	'english',	0,	'uploads/shoaib[1].jpg');

DROP TABLE IF EXISTS `tbl_activities`;
CREATE TABLE `tbl_activities` (
  `activities_id` int(11) NOT NULL AUTO_INCREMENT,
  `user` int(11) NOT NULL,
  `module` varchar(32) COLLATE utf8_unicode_ci DEFAULT NULL,
  `module_field_id` int(11) DEFAULT NULL,
  `activity` varchar(255) COLLATE utf8_unicode_ci DEFAULT NULL,
  `activity_date` timestamp NOT NULL DEFAULT CURRENT_TIMESTAMP,
  `icon` varchar(32) COLLATE utf8_unicode_ci DEFAULT 'fa-coffee',
  `value1` varchar(100) COLLATE utf8_unicode_ci DEFAULT NULL,
  `value2` varchar(100) COLLATE utf8_unicode_ci DEFAULT NULL,
  `deleted` int(11) NOT NULL DEFAULT '0',
  PRIMARY KEY (`activities_id`)
) ENGINE=MyISAM DEFAULT CHARSET=utf8 COLLATE=utf8_unicode_ci;

INSERT INTO `tbl_activities` (`activities_id`, `user`, `module`, `module_field_id`, `activity`, `activity_date`, `icon`, `value1`, `value2`, `deleted`) VALUES
(1,	1,	'settings',	1,	'Update General Settings',	'2015-12-11 20:13:52',	'fa-coffee',	'CodeBite',	NULL,	0),
(2,	1,	'settings',	1,	'Update Password',	'2015-12-11 20:14:32',	'fa-coffee',	'admin',	NULL,	0),
(3,	1,	'settings',	1,	'Update Profile',	'2015-12-11 20:15:14',	'fa-coffee',	'Raja Amer Khan',	NULL,	0),
(4,	1,	'settings',	1,	'Update System Settings',	'2015-12-11 20:16:19',	'fa-coffee',	'english',	NULL,	0),
(5,	1,	'settings',	1,	'Update Email Settings',	'2015-12-11 20:16:39',	'fa-coffee',	'sales@codebite.pk',	NULL,	0),
(6,	1,	'user',	3,	'activity_added_new_user',	'2015-12-11 20:18:26',	'fa-user',	'rehan',	NULL,	0),
(7,	1,	'user',	3,	'activity_change_status',	'2015-12-11 20:18:51',	'fa-user',	'1',	NULL,	0),
(8,	1,	'settings',	1,	'Update Invoice Settings',	'2015-12-11 20:19:42',	'fa-coffee',	'INV-',	NULL,	0),
(9,	1,	'settings',	1,	'Update Theme Settings',	'2015-12-11 20:19:56',	'fa-coffee',	'Billing Accounting and CRM Software',	NULL,	0),
(10,	1,	'settings',	1,	'Update Theme Settings',	'2015-12-11 20:20:02',	'fa-coffee',	'Billing Accounting and CRM Software',	NULL,	0),
(11,	1,	'settings',	1,	'Update Theme Settings',	'2015-12-11 20:20:07',	'fa-coffee',	'Billing Accounting and CRM Software',	NULL,	0),
(12,	3,	'user',	3,	'activity_added_new_user',	'2015-12-11 20:20:12',	'fa-user',	'rehan',	NULL,	0),
(13,	1,	'settings',	1,	'Update Theme Settings',	'2015-12-11 20:20:12',	'fa-coffee',	'Billing Accounting and CRM Software',	NULL,	0),
(14,	1,	'settings',	1,	'Update Theme Settings',	'2015-12-11 20:20:31',	'fa-coffee',	'Billing Accounting and CRM Software',	NULL,	0),
(15,	1,	'settings',	1,	'Update Theme Settings',	'2015-12-11 20:20:40',	'fa-coffee',	'Billing Accounting and CRM Software',	NULL,	0),
(16,	1,	'settings',	1,	'Update Theme Settings',	'2015-12-11 20:20:44',	'fa-coffee',	'Billing Accounting and CRM Software',	NULL,	0),
(17,	1,	'settings',	1,	'Update Theme Settings',	'2015-12-11 20:20:51',	'fa-coffee',	'Billing Accounting and CRM Software',	NULL,	0),
(18,	1,	'settings',	1,	'Update Theme Settings',	'2015-12-11 20:21:02',	'fa-coffee',	'CodeBite Clients Panel',	NULL,	0),
(19,	3,	'settings',	1,	'Update Department ',	'2015-12-11 20:23:44',	'fa-coffee',	'Sales Department',	NULL,	0),
(20,	3,	'settings',	2,	'Update Department ',	'2015-12-11 20:24:01',	'fa-coffee',	'Support Department',	NULL,	0),
(21,	1,	'account',	1,	'activity_save_account',	'2015-12-12 18:16:45',	'fa-circle-o',	'Cash in Hand - Raja Amer Khan',	NULL,	0),
(22,	1,	'account',	1,	'activity_update_account',	'2015-12-12 18:17:14',	'fa-circle-o',	'Raja Amer Khan - Cash in Hand',	NULL,	0),
(23,	1,	'account',	2,	'activity_save_account',	'2015-12-12 18:17:28',	'fa-circle-o',	'Rehaan Farooq - Cash in Hand',	NULL,	0),
(24,	1,	'account',	3,	'activity_save_account',	'2015-12-12 18:17:42',	'fa-circle-o',	'Shoaib - Cash in Hand',	NULL,	0),
(25,	1,	'transactions/expense',	NULL,	'Expense information added',	'2015-12-12 18:27:35',	'fa-coffee',	'Rehaan Farooq - Cash in Hand',	'9000',	0),
(26,	1,	'transactions/expense',	NULL,	'Expense information added',	'2015-12-12 18:32:42',	'fa-coffee',	'Raja Amer Khan - Cash in Hand',	'2142',	0),
(27,	1,	'transactions/expense',	NULL,	'Expense information added',	'2015-12-12 18:34:13',	'fa-coffee',	'Raja Amer Khan - Cash in Hand',	'40000',	0),
(28,	1,	'transactions/expense',	NULL,	'Expense information added',	'2015-12-12 18:34:44',	'fa-coffee',	'Rehaan Farooq - Cash in Hand',	'40000',	0),
(29,	1,	'client',	2,	'Update new Client ',	'2015-12-12 18:42:03',	'fa-user',	'Muhammad Kamran',	NULL,	0),
(30,	1,	'client',	2,	'Add new Client ',	'2015-12-12 18:42:55',	'fa-user',	'Muhammad Kamran',	NULL,	0),
(31,	1,	'invoice',	1,	'Invoice created ',	'2015-12-12 18:44:47',	'fa-circle-o',	'INV-0001',	NULL,	0),
(32,	1,	'invoice',	1,	'0',	'2015-12-12 18:46:42',	'fa-circle-o',	'INV-0001',	NULL,	0),
(33,	1,	'invoice',	2,	'Invoice created ',	'2015-12-12 18:47:06',	'fa-circle-o',	'INV-0001',	NULL,	0),
(34,	1,	'invoice',	1,	'Invoice items added ',	'2015-12-12 18:47:37',	'fa-circle-o',	'AlbatoolQuran.com',	NULL,	0),
(35,	1,	'invoice',	2,	'Invoice new payment',	'2015-12-12 18:48:35',	'fa-usd',	'₨ 8000',	'INV-0001',	0),
(36,	1,	'transactions/deposit',	NULL,	'Deposit information added',	'2015-12-12 18:59:46',	'fa-coffee',	'Shoaib - Cash in Hand',	NULL,	0),
(37,	1,	'transactions/expense',	NULL,	'Expense information added',	'2015-12-12 19:07:09',	'fa-coffee',	'Raja Amer Khan - Cash in Hand',	'4200',	0),
(38,	1,	'transactions/expense',	NULL,	'Expense information added',	'2015-12-12 19:07:46',	'fa-coffee',	'Shoaib - Cash in Hand',	'5800',	0),
(39,	1,	'user',	4,	'activity_added_new_user',	'2015-12-12 19:14:00',	'fa-user',	'shoaib',	NULL,	0),
(40,	1,	'user',	3,	'activity_added_new_user',	'2015-12-12 19:14:35',	'fa-user',	'rehan',	NULL,	0),
(41,	1,	'mailbox',	1,	'Mail Sent',	'2015-12-12 19:19:34',	'fa-circle-o',	'nayeem.edu01@gmail.com',	NULL,	0),
(42,	1,	'user',	1,	'activity_change_status',	'2015-12-12 19:20:19',	'fa-user',	'0',	NULL,	0),
(43,	1,	'user',	1,	'activity_change_status',	'2015-12-12 19:20:22',	'fa-user',	'1',	NULL,	0),
(44,	1,	'mailbox',	1,	'Mail Sent',	'2015-12-12 19:24:54',	'fa-circle-o',	'amer@codebite.pk',	NULL,	0),
(45,	1,	'client',	1,	'Deleted Client',	'2015-12-12 19:30:39',	'fa-user',	'John Doe',	NULL,	0),
(46,	1,	'transactions/expense',	NULL,	'Expense information added',	'2015-12-13 11:19:35',	'fa-coffee',	'Raja Amer Khan - Cash in Hand',	'4283.60',	0),
(47,	3,	'mailbox',	3,	'Mail Sent',	'2015-12-14 07:12:38',	'fa-circle-o',	'amer@codebite.pk',	NULL,	0),
(48,	1,	'client',	3,	'Update new Client ',	'2015-12-19 17:42:06',	'fa-user',	'Charlie Kebab',	NULL,	0),
(49,	1,	'invoice',	3,	'Invoice created ',	'2015-12-19 17:43:11',	'fa-circle-o',	'INV-0003',	NULL,	0),
(50,	1,	'invoice',	2,	'Invoice items added ',	'2015-12-19 17:43:44',	'fa-circle-o',	'Domain + Hosting + Website',	NULL,	0),
(51,	1,	'transactions/deposit',	NULL,	'Deposit information added',	'2015-12-19 17:47:28',	'fa-coffee',	'Raja Amer Khan - Cash in Hand',	NULL,	0),
(52,	1,	'transactions/deposit',	NULL,	'Deposit information added',	'2015-12-19 17:47:44',	'fa-coffee',	'Rehaan Farooq - Cash in Hand',	NULL,	0),
(53,	1,	'invoice',	3,	'Invoice new payment',	'2015-12-19 17:48:09',	'fa-usd',	'₨ 10000',	'INV-0003',	0),
(54,	1,	'transactions/expense',	NULL,	'Expense information added',	'2015-12-19 17:51:30',	'fa-coffee',	'Raja Amer Khan - Cash in Hand',	'948.38',	0),
(55,	3,	'transactions/expense',	NULL,	'Expense information added',	'2015-12-24 16:43:23',	'fa-coffee',	'Rehaan Farooq - Cash in Hand',	'3000',	0),
(56,	1,	'transactions/expense',	NULL,	'Expense information added',	'2015-12-26 08:32:25',	'fa-coffee',	'Raja Amer Khan - Cash in Hand',	'2360',	0),
(57,	1,	'transactions/expense',	NULL,	'Expense information added',	'2015-12-26 08:33:00',	'fa-coffee',	'Raja Amer Khan - Cash in Hand',	'6285',	0),
(58,	1,	'client',	4,	'Update new Client ',	'2015-12-28 12:00:09',	'fa-user',	'PayPal',	NULL,	0),
(59,	1,	'invoice',	4,	'Invoice created ',	'2015-12-28 12:00:49',	'fa-circle-o',	'INV-0004',	NULL,	0),
(60,	1,	'invoice',	3,	'Invoice items added ',	'2015-12-28 12:01:40',	'fa-circle-o',	'Received from CanadaWebServices.com',	NULL,	0),
(61,	1,	'invoice',	4,	'Invoice new payment',	'2015-12-28 12:01:54',	'fa-usd',	'₨ 56238',	'INV-0004',	0),
(62,	1,	'transactions/expense',	NULL,	'Expense information added',	'2015-12-28 12:02:56',	'fa-coffee',	'Raja Amer Khan - Cash in Hand',	'240',	0),
(63,	1,	'transactions/deposit',	NULL,	'Deposit information added',	'2015-12-28 12:03:32',	'fa-coffee',	'Raja Amer Khan - Cash in Hand',	NULL,	0),
(64,	1,	'transactions/expense',	NULL,	'Expense information added',	'2015-12-29 08:19:51',	'fa-coffee',	'Rehaan Farooq - Cash in Hand',	'450',	0),
(65,	1,	'transactions/expense',	17,	'Expense information Deleted',	'2015-12-29 08:22:28',	'fa-coffee',	'Rehaan Farooq - Cash in Hand',	'450.00',	0),
(66,	1,	'transactions/expense',	NULL,	'Expense information added',	'2015-12-29 08:22:45',	'fa-coffee',	'Rehaan Farooq - Cash in Hand',	'450',	0),
(67,	1,	'transactions/expense',	NULL,	'Expense information added',	'2015-12-29 08:23:48',	'fa-coffee',	'Raja Amer Khan - Cash in Hand',	'8300',	0),
(68,	1,	'transactions/expense',	NULL,	'Expense information added',	'2015-12-29 08:26:58',	'fa-coffee',	'Raja Amer Khan - Cash in Hand',	'1500',	0),
(69,	1,	'transactions/expense',	NULL,	'Expense information added',	'2015-12-31 10:43:50',	'fa-coffee',	'Raja Amer Khan - Cash in Hand',	'180',	0),
(70,	1,	'transactions/expense',	NULL,	'Expense information added',	'2015-12-31 10:44:08',	'fa-coffee',	'Raja Amer Khan - Cash in Hand',	'700',	0),
(71,	1,	'transactions/expense',	NULL,	'Expense information added',	'2016-01-05 17:57:56',	'fa-coffee',	'Raja Amer Khan - Cash in Hand',	'40000',	0),
(72,	1,	'transactions/expense',	NULL,	'Expense information added',	'2016-01-05 17:58:50',	'fa-coffee',	'Rehaan Farooq - Cash in Hand',	'40000',	0),
(73,	1,	'transactions/expense',	NULL,	'Expense information added',	'2016-01-05 17:59:12',	'fa-coffee',	'Rehaan Farooq - Cash in Hand',	'6000',	0),
(74,	1,	'transactions/expense',	NULL,	'Expense information added',	'2016-01-05 17:59:30',	'fa-coffee',	'Rehaan Farooq - Cash in Hand',	'220',	0),
(75,	1,	'transactions/expense',	NULL,	'Expense information added',	'2016-01-06 09:05:50',	'fa-coffee',	'Rehaan Farooq - Cash in Hand',	'3000',	0),
(76,	1,	'transactions/expense',	NULL,	'Expense information added',	'2016-01-10 17:54:06',	'fa-coffee',	'Rehaan Farooq - Cash in Hand',	'320',	0),
(77,	3,	'transactions/deposit',	NULL,	'Deposit information added',	'2016-01-12 19:38:45',	'fa-coffee',	'Rehaan Farooq - Cash in Hand',	NULL,	0),
(78,	3,	'transactions/deposit',	NULL,	'Deposit information added',	'2016-01-12 19:39:18',	'fa-coffee',	'Rehaan Farooq - Cash in Hand',	NULL,	0),
(79,	1,	'invoice',	5,	'Invoice created ',	'2016-01-14 06:40:47',	'fa-circle-o',	'INV-0005',	NULL,	0),
(80,	1,	'invoice',	4,	'Invoice items added ',	'2016-01-14 06:41:25',	'fa-circle-o',	'Payments from Canada Web Services',	NULL,	0),
(81,	1,	'invoice',	4,	'Invoice items updated',	'2016-01-14 06:41:37',	'fa-circle-o',	'Payments from Canada Web Services',	NULL,	0),
(82,	1,	'invoice',	4,	'Invoice items updated',	'2016-01-14 06:41:46',	'fa-circle-o',	'Payments from Canada Web Services',	NULL,	0),
(83,	1,	'invoice',	5,	'Invoice new payment',	'2016-01-14 06:42:00',	'fa-usd',	'₨ 51004',	'INV-0005',	0),
(84,	1,	'client',	5,	'Update new Client ',	'2016-01-14 06:42:26',	'fa-user',	'Upwork',	NULL,	0),
(85,	1,	'invoice',	6,	'Invoice created ',	'2016-01-14 06:43:19',	'fa-circle-o',	'INV-0006',	NULL,	0),
(86,	1,	'invoice',	5,	'Invoice items added ',	'2016-01-14 06:43:44',	'fa-circle-o',	'From upwork',	NULL,	0),
(87,	1,	'invoice',	6,	'Invoice new payment',	'2016-01-14 06:43:52',	'fa-usd',	'₨ 7192',	'INV-0006',	0),
(88,	1,	'transactions/expense',	NULL,	'Expense information added',	'2016-01-14 06:45:50',	'fa-coffee',	'Raja Amer Khan - Cash in Hand',	'4240',	0),
(89,	3,	'client',	6,	'Update new Client ',	'2016-01-14 09:56:56',	'fa-user',	'Inaam Distributor',	NULL,	0),
(90,	3,	'invoice',	7,	'Invoice created ',	'2016-01-14 09:57:20',	'fa-circle-o',	'INV-0007',	NULL,	0),
(91,	3,	'invoice',	6,	'Invoice items added ',	'2016-01-14 09:58:12',	'fa-circle-o',	'Inaam Distribution Software',	NULL,	0),
(92,	3,	'invoice',	7,	'Invoice new payment',	'2016-01-14 09:58:32',	'fa-usd',	'₨ 10000',	'INV-0007',	0),
(93,	3,	'transactions/deposit',	NULL,	'Deposit information added',	'2016-01-14 09:59:08',	'fa-coffee',	'Shoaib - Cash in Hand',	NULL,	0),
(94,	3,	'transactions/expense',	NULL,	'Expense information added',	'2016-01-14 09:59:50',	'fa-coffee',	'Shoaib - Cash in Hand',	'10000',	0),
(95,	1,	'client',	7,	'Update new Client ',	'2016-01-18 07:13:37',	'fa-user',	'Muhammad Yasir',	NULL,	0),
(96,	1,	'invoice',	8,	'Invoice created ',	'2016-01-18 07:13:58',	'fa-circle-o',	'INV-0008',	NULL,	0),
(97,	1,	'invoice',	7,	'Invoice items added ',	'2016-01-18 07:14:41',	'fa-circle-o',	'ecosurg.net',	NULL,	0),
(98,	1,	'invoice',	8,	'Invoice new payment',	'2016-01-18 07:14:55',	'fa-usd',	'₨ 1342',	'INV-0008',	0),
(99,	1,	'transactions/deposit',	NULL,	'Deposit information added',	'2016-01-18 07:15:15',	'fa-coffee',	'Raja Amer Khan - Cash in Hand',	NULL,	0),
(100,	1,	'transactions/expense',	NULL,	'Expense information added',	'2016-01-18 07:17:03',	'fa-coffee',	'Rehaan Farooq - Cash in Hand',	'360',	0),
(101,	1,	'transactions/expense',	NULL,	'Expense information added',	'2016-01-23 18:23:33',	'fa-coffee',	'Rehaan Farooq - Cash in Hand',	'320',	0),
(102,	1,	'transactions/expense',	NULL,	'Expense information added',	'2016-01-23 18:24:44',	'fa-coffee',	'Raja Amer Khan - Cash in Hand',	'5769',	0),
(103,	1,	'transactions/expense',	NULL,	'Expense information added',	'2016-01-23 18:28:16',	'fa-coffee',	'Rehaan Farooq - Cash in Hand',	'3400',	0),
(104,	1,	'transactions/expense',	NULL,	'Expense information added',	'2016-01-23 18:32:47',	'fa-coffee',	'Raja Amer Khan - Cash in Hand',	'2320',	0),
(105,	3,	'client',	8,	'Update new Client ',	'2016-02-01 16:49:38',	'fa-user',	'Khurram Bargatt',	NULL,	0),
(106,	3,	'invoice',	9,	'Invoice created ',	'2016-02-01 16:50:24',	'fa-circle-o',	'INV-0009',	NULL,	0),
(107,	3,	'invoice',	8,	'Invoice items added ',	'2016-02-01 16:51:21',	'fa-circle-o',	'Shehsaaz Website',	NULL,	0),
(108,	3,	'invoice',	9,	'Invoice new payment',	'2016-02-01 16:52:55',	'fa-usd',	'₨ 20000',	'INV-0009',	0),
(109,	3,	'transactions/deposit',	NULL,	'Deposit information added',	'2016-02-01 16:53:53',	'fa-coffee',	'Rehaan Farooq - Cash in Hand',	NULL,	0),
(110,	3,	'transactions/expense',	NULL,	'Expense information added',	'2016-02-01 16:54:56',	'fa-coffee',	'Rehaan Farooq - Cash in Hand',	'8000',	0),
(111,	3,	'transactions/deposit',	NULL,	'Deposit information added',	'2016-02-01 16:58:48',	'fa-coffee',	'Rehaan Farooq - Cash in Hand',	NULL,	0),
(112,	1,	'transactions/expense',	NULL,	'Expense information added',	'2016-02-01 17:25:47',	'fa-coffee',	'Raja Amer Khan - Cash in Hand',	'40000',	0),
(113,	1,	'transactions/expense',	NULL,	'Expense information added',	'2016-02-01 17:26:01',	'fa-coffee',	'Raja Amer Khan - Cash in Hand',	'300',	0),
(114,	1,	'transactions/expense',	NULL,	'Expense information added',	'2016-02-01 17:26:37',	'fa-coffee',	'Rehaan Farooq - Cash in Hand',	'40000',	0),
(115,	1,	'transactions/expense',	NULL,	'Expense information added',	'2016-02-01 17:29:27',	'fa-coffee',	'Rehaan Farooq - Cash in Hand',	'3000',	0),
(116,	1,	'client',	9,	'Update new Client ',	'2016-02-08 13:02:22',	'fa-user',	'M Marjan',	NULL,	0),
(117,	1,	'invoice',	10,	'Invoice created ',	'2016-02-08 13:02:47',	'fa-circle-o',	'INV-0010',	NULL,	0),
(118,	1,	'invoice',	9,	'Invoice items added ',	'2016-02-08 13:03:20',	'fa-circle-o',	'eCommerce Website',	NULL,	0),
(119,	1,	'invoice',	10,	'Invoice new payment',	'2016-02-08 13:03:53',	'fa-usd',	'£ 200',	'INV-0010',	0),
(120,	1,	'invoice',	11,	'Invoice created ',	'2016-02-12 06:56:04',	'fa-circle-o',	'INV-0011',	NULL,	0),
(121,	1,	'invoice',	10,	'Invoice items added ',	'2016-02-12 06:57:38',	'fa-circle-o',	'Domain ',	NULL,	0),
(122,	1,	'invoice',	11,	'Invoice items added ',	'2016-02-12 06:57:38',	'fa-circle-o',	'Hosting',	NULL,	0),
(123,	1,	'transactions/expense',	NULL,	'Expense information added',	'2016-02-12 06:58:26',	'fa-coffee',	'Raja Amer Khan - Cash in Hand',	'2055',	0),
(124,	1,	'transactions/expense',	NULL,	'Expense information added',	'2016-02-12 06:58:56',	'fa-coffee',	'Rehaan Farooq - Cash in Hand',	'18000',	0),
(125,	1,	'transactions/deposit',	NULL,	'Deposit information added',	'2016-02-12 07:02:42',	'fa-coffee',	'Rehaan Farooq - Cash in Hand',	NULL,	0),
(126,	1,	'client',	10,	'Update new Client ',	'2016-02-16 11:12:28',	'fa-user',	'Zeeshan Riaz',	NULL,	0),
(127,	1,	'transactions/expense',	NULL,	'Expense information added',	'2016-02-19 10:24:47',	'fa-coffee',	'Rehaan Farooq - Cash in Hand',	'340',	0),
(128,	1,	'invoice',	10,	'Invoice new payment',	'2016-02-19 10:25:42',	'fa-usd',	'£ 280',	'INV-0010',	0),
(129,	1,	'transactions/deposit',	NULL,	'Deposit information added',	'2016-02-19 10:26:16',	'fa-coffee',	'Raja Amer Khan - Cash in Hand',	NULL,	0),
(130,	1,	'client',	11,	'Update new Client ',	'2016-02-24 10:42:37',	'fa-user',	'Amjad S Jeans Mirpur',	NULL,	0),
(131,	1,	'invoice',	12,	'Invoice created ',	'2016-02-24 10:42:59',	'fa-circle-o',	'INV-0012',	NULL,	0),
(132,	1,	'invoice',	12,	'Invoice items added ',	'2016-02-24 10:43:28',	'fa-circle-o',	'Desktop Software for Shop',	NULL,	0),
(133,	1,	'invoice',	12,	'Invoice new payment',	'2016-02-24 10:45:19',	'fa-usd',	'₨ 15000',	'INV-0012',	0),
(134,	1,	'transactions/deposit',	NULL,	'Deposit information added',	'2016-02-24 10:46:01',	'fa-coffee',	'Raja Amer Khan - Cash in Hand',	NULL,	0),
(135,	1,	'transactions/expense',	NULL,	'Expense information added',	'2016-03-02 10:42:35',	'fa-coffee',	'Raja Amer Khan - Cash in Hand',	'200',	0),
(136,	1,	'transactions/expense',	NULL,	'Expense information added',	'2016-03-02 10:43:40',	'fa-coffee',	'Raja Amer Khan - Cash in Hand',	'2350',	0),
(137,	1,	'transactions/expense',	NULL,	'Expense information added',	'2016-03-03 04:33:15',	'fa-coffee',	'Rehaan Farooq - Cash in Hand',	'40000',	0),
(138,	1,	'transactions/expense',	NULL,	'Expense information added',	'2016-03-03 04:34:25',	'fa-coffee',	'Raja Amer Khan - Cash in Hand',	'40000',	0),
(139,	1,	'transactions/expense',	NULL,	'Expense information added',	'2016-03-08 05:25:32',	'fa-coffee',	'Rehaan Farooq - Cash in Hand',	'500',	0),
(140,	1,	'transactions/expense',	NULL,	'Expense information added',	'2016-03-08 05:26:05',	'fa-coffee',	'Raja Amer Khan - Cash in Hand',	'2060',	0),
(141,	1,	'transactions/expense',	NULL,	'Expense information added',	'2016-03-08 08:23:18',	'fa-coffee',	'Raja Amer Khan - Cash in Hand',	'7000',	0),
(142,	1,	'invoice',	13,	'Invoice created ',	'2016-03-12 11:07:04',	'fa-circle-o',	'INV-0013',	NULL,	0),
(143,	1,	'invoice',	13,	'Invoice items added ',	'2016-03-12 11:07:34',	'fa-circle-o',	'Payments from Canada Web Services',	NULL,	0),
(144,	1,	'invoice',	13,	'Invoice new payment',	'2016-03-12 11:07:51',	'fa-usd',	'₨ 50000',	'INV-0013',	0),
(145,	1,	'transactions/deposit',	NULL,	'Deposit information added',	'2016-03-12 11:08:21',	'fa-coffee',	'Raja Amer Khan - Cash in Hand',	NULL,	0),
(146,	1,	'transactions/expense',	NULL,	'Expense information added',	'2016-03-12 11:09:24',	'fa-coffee',	'Raja Amer Khan - Cash in Hand',	'12060',	0),
(147,	1,	'transactions/expense',	NULL,	'Expense information added',	'2016-03-12 11:09:55',	'fa-coffee',	'Raja Amer Khan - Cash in Hand',	'4000',	0),
(148,	1,	'transactions/expense',	NULL,	'Expense information added',	'2016-03-12 11:10:16',	'fa-coffee',	'Raja Amer Khan - Cash in Hand',	'5000',	0),
(149,	1,	'transactions/expense',	NULL,	'Expense information added',	'2016-03-15 06:29:50',	'fa-coffee',	'Rehaan Farooq - Cash in Hand',	'1500',	0),
(150,	1,	'invoice',	14,	'Invoice created ',	'2016-03-15 06:43:57',	'fa-circle-o',	'INV-0014',	NULL,	0),
(151,	1,	'invoice',	14,	'Invoice items added ',	'2016-03-15 06:44:26',	'fa-circle-o',	'Payments from Canada Web Services',	NULL,	0),
(152,	1,	'invoice',	14,	'Invoice new payment',	'2016-03-15 06:44:42',	'fa-usd',	'₨ 8200',	'INV-0014',	0),
(153,	1,	'transactions/deposit',	NULL,	'Deposit information added',	'2016-03-15 06:45:09',	'fa-coffee',	'Rehaan Farooq - Cash in Hand',	NULL,	0),
(154,	1,	'transactions/expense',	NULL,	'Expense information added',	'2016-03-23 05:22:35',	'fa-coffee',	'Rehaan Farooq - Cash in Hand',	'6670',	0),
(155,	1,	'transactions/expense',	NULL,	'Expense information added',	'2016-03-23 05:23:28',	'fa-coffee',	'Raja Amer Khan - Cash in Hand',	'1570',	0),
(156,	1,	'transactions/expense',	NULL,	'Expense information added',	'2016-03-23 05:24:09',	'fa-coffee',	'Raja Amer Khan - Cash in Hand',	'6330',	0),
(157,	1,	'invoice',	15,	'Invoice created ',	'2016-03-24 06:34:09',	'fa-circle-o',	'INV-0015',	NULL,	0),
(158,	1,	'invoice',	15,	'Invoice items added ',	'2016-03-24 06:34:35',	'fa-circle-o',	'Domain and Hosting charges',	NULL,	0),
(159,	1,	'invoice',	15,	'Invoice new payment',	'2016-03-24 06:34:40',	'fa-usd',	'₨ 3000',	'INV-0015',	0),
(160,	1,	'invoice',	15,	'0',	'2016-03-24 06:35:41',	'fa-circle-o',	'INV-0015',	NULL,	0),
(161,	1,	'invoice',	10,	'Invoice items updated',	'2016-03-24 06:36:07',	'fa-circle-o',	'Domain ',	NULL,	0),
(162,	1,	'invoice',	11,	'Invoice new payment',	'2016-03-24 06:36:17',	'fa-usd',	'₨ 4000',	'INV-0011',	0),
(163,	1,	'transactions/deposit',	NULL,	'Deposit information added',	'2016-03-24 06:36:55',	'fa-coffee',	'Rehaan Farooq - Cash in Hand',	NULL,	0),
(164,	1,	'transactions/expense',	NULL,	'Expense information added',	'2016-03-26 08:33:01',	'fa-coffee',	'Rehaan Farooq - Cash in Hand',	'600',	0),
(165,	1,	'transactions/expense',	NULL,	'Expense information added',	'2016-03-26 08:33:14',	'fa-coffee',	'Rehaan Farooq - Cash in Hand',	'100',	0),
(166,	1,	'transactions/expense',	NULL,	'Expense information added',	'2016-03-26 08:33:33',	'fa-coffee',	'Rehaan Farooq - Cash in Hand',	'3000',	0),
(167,	1,	'transactions/expense',	NULL,	'Expense information added',	'2016-03-30 10:01:29',	'fa-coffee',	'Rehaan Farooq - Cash in Hand',	'400',	0),
(168,	1,	'transactions/expense',	NULL,	'Expense information added',	'2016-03-30 10:02:05',	'fa-coffee',	'Raja Amer Khan - Cash in Hand',	'3170',	0),
(169,	1,	'invoice',	16,	'Invoice created ',	'2016-04-01 05:53:15',	'fa-circle-o',	'INV-0015',	NULL,	0),
(170,	1,	'invoice',	16,	'Invoice items added ',	'2016-04-01 05:55:07',	'fa-circle-o',	'From Canada Web Services',	NULL,	0),
(171,	1,	'invoice',	16,	'Invoice new payment',	'2016-04-01 05:57:05',	'fa-usd',	'₨ 54471',	'INV-0015',	0),
(172,	1,	'transactions/deposit',	NULL,	'Deposit information added',	'2016-04-01 05:57:55',	'fa-coffee',	'Raja Amer Khan - Cash in Hand',	NULL,	0),
(173,	1,	'transactions/deposit',	NULL,	'Deposit information added',	'2016-04-01 05:58:17',	'fa-coffee',	'Rehaan Farooq - Cash in Hand',	NULL,	0),
(174,	1,	'transactions/expense',	NULL,	'Expense information added',	'2016-04-01 06:24:51',	'fa-coffee',	'Rehaan Farooq - Cash in Hand',	'40000',	0),
(175,	1,	'transactions/expense',	NULL,	'Expense information added',	'2016-04-01 07:06:57',	'fa-coffee',	'Raja Amer Khan - Cash in Hand',	'40000',	0),
(176,	1,	'transactions/expense',	NULL,	'Expense information added',	'2016-04-01 07:07:58',	'fa-coffee',	'Raja Amer Khan - Cash in Hand',	'10000',	0),
(177,	1,	'transactions/expense',	NULL,	'Expense information added',	'2016-04-01 07:08:09',	'fa-coffee',	'Rehaan Farooq - Cash in Hand',	'10000',	0),
(178,	1,	'transactions/expense',	NULL,	'Expense information added',	'2016-04-01 07:10:35',	'fa-coffee',	'Raja Amer Khan - Cash in Hand',	'2360',	0),
(179,	1,	'transactions/expense',	NULL,	'Expense information added',	'2016-04-01 12:12:12',	'fa-coffee',	'Raja Amer Khan - Cash in Hand',	'6341',	0),
(180,	3,	'transactions/expense',	NULL,	'Expense information added',	'2016-04-06 07:20:14',	'fa-coffee',	'Raja Amer Khan - Cash in Hand',	'650',	0),
(181,	3,	'transactions/expense',	NULL,	'Expense information added',	'2016-04-06 07:21:20',	'fa-coffee',	'Rehaan Farooq - Cash in Hand',	'1290',	0),
(182,	3,	'transactions/expense',	NULL,	'Expense information added',	'2016-04-06 07:21:45',	'fa-coffee',	'Rehaan Farooq - Cash in Hand',	'6000',	0),
(183,	3,	'invoice',	17,	'Invoice created ',	'2016-04-06 07:22:15',	'fa-circle-o',	'INV-0017',	NULL,	0),
(184,	3,	'invoice',	17,	'Invoice items added ',	'2016-04-06 07:23:46',	'fa-circle-o',	'Elance Payment for ebay template.',	NULL,	0),
(185,	3,	'invoice',	17,	'Invoice new payment',	'2016-04-06 07:24:09',	'fa-usd',	'₨ 12300',	'INV-0017',	0),
(186,	3,	'transactions/deposit',	NULL,	'Deposit information added',	'2016-04-06 07:25:09',	'fa-coffee',	'Rehaan Farooq - Cash in Hand',	NULL,	0),
(187,	1,	'invoice',	18,	'Invoice created ',	'2016-04-06 12:17:17',	'fa-circle-o',	'INV-0018',	NULL,	0),
(188,	1,	'invoice',	18,	'Invoice items added ',	'2016-04-06 12:22:02',	'fa-circle-o',	'Data Entry',	NULL,	0),
(189,	1,	'invoice',	19,	'Invoice items added ',	'2016-04-06 12:22:02',	'fa-circle-o',	'Modifications of Products and Categories',	NULL,	0),
(190,	1,	'invoice',	20,	'Invoice items added ',	'2016-04-06 12:22:02',	'fa-circle-o',	'Products Comparison',	NULL,	0),
(191,	1,	'settings',	1,	'Update General Settings',	'2016-04-06 12:27:48',	'fa-coffee',	'CodeBite',	NULL,	0),
(192,	1,	'settings',	1,	'Update General Settings',	'2016-04-06 12:32:35',	'fa-coffee',	'CodeBite',	NULL,	0),
(193,	1,	'settings',	1,	'Update General Settings',	'2016-04-06 12:32:45',	'fa-coffee',	'CodeBite',	NULL,	0),
(194,	1,	'settings',	1,	'Update General Settings',	'2016-04-06 12:33:53',	'fa-coffee',	'CodeBite',	NULL,	0),
(195,	1,	'settings',	1,	'Update General Settings',	'2016-04-06 12:34:01',	'fa-coffee',	'CodeBite',	NULL,	0),
(196,	1,	'client',	12,	'Update new Client ',	'2016-04-08 10:24:58',	'fa-user',	'Saqlain Hashmi',	NULL,	0),
(197,	1,	'client',	12,	'Add new Client ',	'2016-04-08 10:25:56',	'fa-user',	'Saqlain Hashmi',	NULL,	0),
(198,	1,	'invoice',	19,	'Invoice created ',	'2016-04-08 10:26:35',	'fa-circle-o',	'INV-0019',	NULL,	0),
(199,	1,	'invoice',	21,	'Invoice items added ',	'2016-04-08 10:26:58',	'fa-circle-o',	'Domain Transfer',	NULL,	0),
(200,	1,	'invoice',	19,	'Invoice new payment',	'2016-04-08 10:27:03',	'fa-usd',	'₨ 1100',	'INV-0019',	0),
(201,	1,	'transactions/deposit',	NULL,	'Deposit information added',	'2016-04-08 10:27:30',	'fa-coffee',	'Raja Amer Khan - Cash in Hand',	NULL,	0),
(202,	3,	'transactions/expense',	NULL,	'Expense information added',	'2016-04-16 10:07:37',	'fa-coffee',	'Rehaan Farooq - Cash in Hand',	'3179',	0),
(203,	3,	'transactions/transfer',	NULL,	'Transfer information added',	'2016-04-16 10:10:11',	'fa-coffee',	'Raja Amer Khan - Cash in Hand',	'Rehaan Farooq - Cash in Hand',	0),
(204,	3,	'transactions/expense',	NULL,	'Expense information added',	'2016-04-16 10:13:16',	'fa-coffee',	'Rehaan Farooq - Cash in Hand',	'8432',	0),
(205,	3,	'client',	13,	'Update new Client ',	'2016-04-16 10:19:27',	'fa-user',	'NYDC',	NULL,	0),
(206,	3,	'invoice',	20,	'Invoice created ',	'2016-04-16 10:19:54',	'fa-circle-o',	'INV-0020',	NULL,	0),
(207,	3,	'invoice',	22,	'Invoice items added ',	'2016-04-16 10:20:40',	'fa-circle-o',	'Website Development',	NULL,	0),
(208,	3,	'invoice',	20,	'Invoice new payment',	'2016-04-16 10:21:13',	'fa-usd',	'₨ 46350',	'INV-0020',	0),
(209,	3,	'transactions/deposit',	NULL,	'Deposit information added',	'2016-04-16 10:21:59',	'fa-coffee',	'Rehaan Farooq - Cash in Hand',	NULL,	0),
(210,	3,	'invoice',	18,	'Invoice new payment',	'2016-04-16 10:24:51',	'fa-usd',	'£ 282',	'INV-0018',	0),
(211,	3,	'transactions/deposit',	NULL,	'Deposit information added',	'2016-04-16 10:26:46',	'fa-coffee',	'Rehaan Farooq - Cash in Hand',	NULL,	0),
(212,	3,	'transactions/expense',	NULL,	'Expense information added',	'2016-04-16 10:29:05',	'fa-coffee',	'Rehaan Farooq - Cash in Hand',	'22000',	0),
(213,	3,	'transactions/expense',	NULL,	'Expense information added',	'2016-04-16 10:38:19',	'fa-coffee',	'Rehaan Farooq - Cash in Hand',	'1500',	0),
(214,	3,	'client',	14,	'Update new Client ',	'2016-04-21 07:18:33',	'fa-user',	'Idarat-ul-Mustafa',	NULL,	0),
(215,	3,	'invoice',	21,	'Invoice created ',	'2016-04-21 07:18:59',	'fa-circle-o',	'INV-0021',	NULL,	0),
(216,	3,	'invoice',	23,	'Invoice items added ',	'2016-04-21 07:20:21',	'fa-circle-o',	'Mobile Application',	NULL,	0),
(217,	3,	'client',	14,	'Add new Client ',	'2016-04-21 07:21:11',	'fa-user',	'Idara-tul-Mustafa',	NULL,	0),
(218,	3,	'invoice',	21,	'Invoice new payment',	'2016-04-21 07:21:46',	'fa-usd',	'₨ 10000',	'INV-0021',	0),
(219,	3,	'transactions/expense',	NULL,	'Expense information added',	'2016-04-22 07:07:16',	'fa-coffee',	'Rehaan Farooq - Cash in Hand',	'17000',	0),
(220,	3,	'transactions/expense',	NULL,	'Expense information added',	'2016-04-22 07:08:09',	'fa-coffee',	'Rehaan Farooq - Cash in Hand',	'500',	0),
(221,	3,	'transactions/transfer',	NULL,	'Transfer information added',	'2016-04-22 12:57:18',	'fa-coffee',	'Rehaan Farooq - Cash in Hand',	'Raja Amer Khan - Cash in Hand',	0),
(222,	3,	'transactions/transfer',	NULL,	'Transfer information added',	'2016-04-22 12:58:18',	'fa-coffee',	'Rehaan Farooq - Cash in Hand',	'Raja Amer Khan - Cash in Hand',	0),
(223,	3,	'transactions/expense',	NULL,	'Expense information added',	'2016-04-22 13:01:11',	'fa-coffee',	'Rehaan Farooq - Cash in Hand',	'1400',	0),
(224,	1,	'client',	15,	'Update new Client ',	'2016-04-25 10:45:00',	'fa-user',	'Jhelum Traders',	NULL,	0),
(225,	1,	'invoice',	22,	'Invoice created ',	'2016-04-25 10:45:41',	'fa-circle-o',	'INV-0022',	NULL,	0),
(226,	1,	'invoice',	24,	'Invoice items added ',	'2016-04-25 10:47:09',	'fa-circle-o',	'CodeBite POS',	NULL,	0),
(227,	1,	'invoice',	24,	'Invoice items updated',	'2016-04-25 10:47:49',	'fa-circle-o',	'Distributor Management Software',	NULL,	0),
(228,	1,	'invoice',	22,	'Invoice new payment',	'2016-04-25 10:48:01',	'fa-usd',	'₨ 28000',	'INV-0022',	0),
(229,	1,	'transactions/expense',	NULL,	'Expense information added',	'2016-04-25 10:55:00',	'fa-coffee',	'Raja Amer Khan - Cash in Hand',	'4556',	0),
(230,	1,	'transactions/deposit',	NULL,	'Deposit information added',	'2016-04-25 11:00:55',	'fa-coffee',	'Rehaan Farooq - Cash in Hand',	NULL,	0),
(231,	1,	'client',	16,	'Update new Client ',	'2016-04-25 11:15:22',	'fa-user',	'Hassan Optics',	NULL,	0),
(232,	1,	'client',	17,	'Update new Client ',	'2016-04-25 11:16:10',	'fa-user',	'Master Celeste (Centaurus Mall)',	NULL,	0),
(233,	1,	'invoice',	23,	'Invoice created ',	'2016-04-25 11:16:46',	'fa-circle-o',	'INV-0023',	NULL,	0),
(234,	1,	'invoice',	25,	'Invoice items added ',	'2016-04-25 11:17:05',	'fa-circle-o',	'CodeBite POS',	NULL,	0),
(235,	1,	'invoice',	24,	'Invoice created ',	'2016-04-25 11:17:31',	'fa-circle-o',	'INV-0024',	NULL,	0),
(236,	1,	'invoice',	26,	'Invoice items added ',	'2016-04-25 11:18:24',	'fa-circle-o',	'Branch Management Software',	NULL,	0),
(237,	1,	'invoice',	24,	'Invoice new payment',	'2016-04-25 11:18:32',	'fa-usd',	'₨ 10000',	'INV-0024',	0),
(238,	1,	'transactions/deposit',	NULL,	'Deposit information added',	'2016-04-25 11:19:05',	'fa-coffee',	'Shoaib - Cash in Hand',	NULL,	0),
(239,	1,	'transactions/expense',	NULL,	'Expense information added',	'2016-04-25 11:19:47',	'fa-coffee',	'Shoaib - Cash in Hand',	'10000',	0),
(240,	1,	'client',	18,	'Update new Client ',	'2016-04-26 10:46:30',	'fa-user',	'M Alzeer',	NULL,	0),
(241,	1,	'invoice',	25,	'Invoice created ',	'2016-04-26 10:47:06',	'fa-circle-o',	'INV-0025',	NULL,	0),
(242,	1,	'invoice',	27,	'Invoice items added ',	'2016-04-26 10:48:04',	'fa-circle-o',	'www.sys-archi.com',	NULL,	0),
(243,	1,	'invoice',	25,	'Invoice new payment',	'2016-04-26 10:48:28',	'fa-usd',	'₨ 10000',	'INV-0025',	0),
(244,	1,	'invoice',	25,	'0',	'2016-04-26 10:59:16',	'fa-circle-o',	'INV-0025',	NULL,	0),
(245,	1,	'client',	18,	'Add new Client ',	'2016-04-26 11:03:06',	'fa-user',	'M Alzeer',	NULL,	0),
(246,	1,	'invoice',	26,	'Invoice created ',	'2016-04-26 11:03:22',	'fa-circle-o',	'INV-0025',	NULL,	0),
(247,	1,	'invoice',	28,	'Invoice items added ',	'2016-04-26 11:03:56',	'fa-circle-o',	'www.sys-archi.com',	NULL,	0),
(248,	1,	'invoice',	26,	'Invoice new payment',	'2016-04-26 11:04:13',	'fa-usd',	'$ 100',	'INV-0025',	0);

DROP TABLE IF EXISTS `tbl_calls`;
CREATE TABLE `tbl_calls` (
  `calls_id` int(11) NOT NULL AUTO_INCREMENT,
  `leads_id` int(11) DEFAULT NULL,
  `client_id` int(11) DEFAULT NULL,
  `user_id` int(11) DEFAULT NULL,
  `date` varchar(20) NOT NULL,
  `call_summary` varchar(200) NOT NULL,
  PRIMARY KEY (`calls_id`)
) ENGINE=InnoDB DEFAULT CHARSET=latin1;


DROP TABLE IF EXISTS `tbl_client`;
CREATE TABLE `tbl_client` (
  `client_id` int(11) NOT NULL AUTO_INCREMENT,
  `primary_contact` int(11) DEFAULT NULL,
  `name` varchar(255) COLLATE utf8_unicode_ci DEFAULT NULL,
  `email` varchar(64) COLLATE utf8_unicode_ci DEFAULT NULL,
  `short_note` text COLLATE utf8_unicode_ci,
  `website` varchar(100) COLLATE utf8_unicode_ci DEFAULT NULL,
  `phone` varchar(64) COLLATE utf8_unicode_ci DEFAULT NULL,
  `mobile` varchar(64) COLLATE utf8_unicode_ci DEFAULT NULL,
  `fax` varchar(64) COLLATE utf8_unicode_ci DEFAULT NULL,
  `address` varchar(255) COLLATE utf8_unicode_ci DEFAULT NULL,
  `city` varchar(100) COLLATE utf8_unicode_ci DEFAULT NULL,
  `zipcode` varchar(20) CHARACTER SET utf8 DEFAULT NULL,
  `currency` varchar(32) COLLATE utf8_unicode_ci DEFAULT 'USD',
  `skype_id` varchar(100) COLLATE utf8_unicode_ci DEFAULT NULL,
  `linkedin` varchar(255) COLLATE utf8_unicode_ci DEFAULT NULL,
  `facebook` varchar(255) COLLATE utf8_unicode_ci DEFAULT NULL,
  `twitter` varchar(255) COLLATE utf8_unicode_ci DEFAULT NULL,
  `language` varchar(100) COLLATE utf8_unicode_ci DEFAULT NULL,
  `country` varchar(255) COLLATE utf8_unicode_ci DEFAULT NULL,
  `vat` varchar(64) COLLATE utf8_unicode_ci DEFAULT NULL,
  `hosting_company` varchar(100) COLLATE utf8_unicode_ci DEFAULT NULL,
  `hostname` varchar(100) COLLATE utf8_unicode_ci DEFAULT NULL,
  `port` varchar(32) COLLATE utf8_unicode_ci DEFAULT NULL,
  `password` varchar(64) COLLATE utf8_unicode_ci DEFAULT NULL,
  `username` varchar(100) COLLATE utf8_unicode_ci DEFAULT NULL,
  `client_status` tinyint(1) NOT NULL COMMENT '1 = person and 2 = company',
  `profile_photo` text COLLATE utf8_unicode_ci,
  `date_added` timestamp NOT NULL DEFAULT CURRENT_TIMESTAMP,
  PRIMARY KEY (`client_id`)
) ENGINE=InnoDB DEFAULT CHARSET=utf8 COLLATE=utf8_unicode_ci;

INSERT INTO `tbl_client` (`client_id`, `primary_contact`, `name`, `email`, `short_note`, `website`, `phone`, `mobile`, `fax`, `address`, `city`, `zipcode`, `currency`, `skype_id`, `linkedin`, `facebook`, `twitter`, `language`, `country`, `vat`, `hosting_company`, `hostname`, `port`, `password`, `username`, `client_status`, `profile_photo`, `date_added`) VALUES
(2,	NULL,	'Muhammad Kamran',	'mkamranqurashi@yahoo.com',	'AlbatoolQuran.com',	'',	'',	'03405196598',	'',	'',	'Rawalpindi',	'',	'PKR',	'',	'',	'',	'',	'english',	'Pakistan',	'0',	'',	'',	'',	'',	'',	1,	NULL,	'2015-12-12 18:42:03'),
(3,	NULL,	'Charlie Kebab',	'charliekebab.co@gmail.com',	'',	'',	'',	'',	'',	'',	'',	'',	'PKR',	'',	'',	'',	'',	'english',	'Pakistan',	'0',	'',	'',	'',	'',	'',	1,	NULL,	'2015-12-19 17:42:06'),
(4,	NULL,	'PayPal',	'support@codebite.pk',	'Money from Paypal',	'',	'',	'',	'',	'',	'',	'',	'PKR',	'',	'',	'',	'',	'english',	'Pakistan',	'0',	'',	'',	'',	'',	'',	1,	NULL,	'2015-12-28 12:00:09'),
(5,	NULL,	'Upwork',	'test@example.com',	'',	'',	'',	'',	'',	'',	'',	'',	'PKR',	'',	'',	'',	'',	'english',	'Pakistan',	'0',	'',	'',	'',	'',	'',	1,	NULL,	'2016-01-14 06:42:26'),
(6,	NULL,	'Inaam Distributor',	'test@test.com',	'',	'',	'',	'',	'',	'',	'',	'',	'PKR',	'',	'',	'',	'',	'english',	'Pakistan',	'0',	'',	'',	'',	'Rehan123',	'rehan',	1,	NULL,	'2016-01-14 09:56:56'),
(7,	NULL,	'Muhammad Yasir',	'theodyssey.neo@gmail.com',	'',	'',	'',	'',	'',	'',	'',	'',	'PKR',	'',	'',	'',	'',	'english',	'Pakistan',	'0',	'',	'',	'',	'',	'',	1,	NULL,	'2016-01-18 07:13:37'),
(8,	NULL,	'Khurram Bargatt',	'test@testt.com',	'',	'',	'',	'',	'',	'',	'',	'',	'PKR',	'',	'',	'',	'',	'english',	'Pakistan',	'0',	'',	'',	'',	'Rehan123',	'rehan',	1,	NULL,	'2016-02-01 16:49:38'),
(9,	NULL,	'M Marjan',	'umar.stockshifters@gmail.com',	'',	'',	'',	'',	'',	'',	'',	'',	'GBP',	'',	'',	'',	'',	'english',	'Pakistan',	'0',	'',	'',	'',	'',	'',	1,	NULL,	'2016-02-08 13:02:22'),
(10,	NULL,	'Zeeshan Riaz',	'zeeshan@dasksell.com',	'',	'',	'',	'',	'',	'',	'',	'',	'PKR',	'',	'',	'',	'',	'english',	'Pakistan',	'0',	'',	'',	'',	'',	'',	1,	NULL,	'2016-02-16 11:12:28'),
(11,	NULL,	'Amjad S Jeans Mirpur',	'test@example.com',	'',	'',	'',	'',	'',	'',	'',	'',	'PKR',	'',	'',	'',	'',	'english',	'Pakistan',	'0',	'',	'',	'',	'',	'',	1,	NULL,	'2016-02-24 10:42:37'),
(12,	NULL,	'Saqlain Hashmi',	'saqlainhashmi59@gmail.com',	'',	'',	'',	'+923129169559',	'',	'',	'',	'',	'PKR',	'',	'',	'',	'',	'english',	'Pakistan',	'0',	'',	'',	'',	'',	'',	1,	NULL,	'2016-04-08 10:24:58'),
(13,	NULL,	'NYDC',	'test@test.com',	'',	'http://www.thenewyorkdollcollection.com/',	'',	'',	'',	'',	'',	'',	'PKR',	'',	'',	'',	'',	'english',	'Pakistan',	'0',	'',	'',	'',	'Rehan123',	'rehan',	1,	NULL,	'2016-04-16 10:19:27'),
(14,	NULL,	'Idara-tul-Mustafa',	'test@test.com',	'Mobile Application',	'http://idaratulmustafa.com/',	'',	'',	'',	'',	'',	'',	'PKR',	'',	'',	'',	'',	'english',	'Pakistan',	'0',	'',	'',	'',	'Rehan123',	'rehan',	1,	NULL,	'2016-04-21 07:18:33'),
(15,	NULL,	'Jhelum Traders',	'customer@example.com',	'',	'',	'',	'',	'',	'',	'',	'',	'PKR',	'',	'',	'',	'',	'english',	'Pakistan',	'0',	'',	'',	'',	'',	'',	1,	NULL,	'2016-04-25 10:45:00'),
(16,	NULL,	'Hassan Optics',	'customer@example.com',	'',	'',	'',	'',	'',	'',	'',	'',	'PKR',	'',	'',	'',	'',	'english',	'Pakistan',	'0',	'',	'',	'',	'',	'',	1,	NULL,	'2016-04-25 11:15:22'),
(17,	NULL,	'Master Celeste (Centaurus Mall)',	'customer@example.com',	'',	'',	'',	'',	'',	'',	'',	'',	'PKR',	'',	'',	'',	'',	'english',	'Pakistan',	'0',	'',	'',	'',	'',	'',	1,	NULL,	'2016-04-25 11:16:10'),
(18,	NULL,	'M Alzeer',	'moh.alzeer@gmail.com',	'',	'www.sys-archi.com',	'',	'',	'',	'',	'Riyadh',	'',	'USD',	'',	'',	'',	'',	'english',	'Saudi Arabia',	'0',	'GoDaddy',	'',	'',	'',	'',	1,	NULL,	'2016-04-26 10:46:30');

DROP TABLE IF EXISTS `tbl_config`;
CREATE TABLE `tbl_config` (
  `config_key` varchar(255) NOT NULL,
  `value` text NOT NULL,
  PRIMARY KEY (`config_key`)
) ENGINE=InnoDB DEFAULT CHARSET=utf8;

INSERT INTO `tbl_config` (`config_key`, `value`) VALUES
('2checkout_private_key',	'privatekey'),
('2checkout_publishable_key',	'checkoutkey'),
('2checkout_seller_id',	'seled id'),
('2checkout_status',	'deactive'),
('accounting_snapshot',	'0'),
('allowed_files',	'gif|png|jpeg|jpg|pdf|doc|txt|docx|xls|zip|rar|xls|mp4'),
('allow_client_registration',	'TRUE'),
('authorize',	'login id'),
('authorize_status',	'deactive'),
('authorize_transaction_key',	'transfer key'),
('automatic_email_on_recur',	'TRUE'),
('bank_cash',	'0'),
('bitcoin_address',	'0'),
('bitcoin_status',	'active'),
('braintree_default_account',	'Braintree Defual allcount'),
('braintree_live_or_sandbox',	'Braintree Live or Sandbox'),
('braintree_merchant_id',	'Braintree Merchant ID'),
('braintree_private_key',	'Braintree Private Key'),
('braintree_public_key',	'Braintree Defual allcount'),
('braintree_status',	'deactive'),
('build',	'0'),
('ccavenue_key',	'CCAvenue Working Key'),
('ccavenue_merchant_id',	'CCAvenue Merchant ID'),
('ccavenue_status',	'deactive'),
('company_address',	'Office #1 first floor, \nGhazanfar Market, \nNear Akram Shaheed Park'),
('company_city',	'Jhelum'),
('company_country',	'Pakistan'),
('company_domain',	'http://www.codebite.pk/'),
('company_email',	'sales@codebite.pk'),
('company_legal_name',	'CodeBite'),
('company_logo',	'uploads/codebite-logo.png'),
('company_name',	'CodeBite'),
('company_phone',	'+92544627290'),
('company_phone_2',	''),
('company_vat',	''),
('company_zip_code',	'49600'),
('contact_person',	'Rehan Farooq'),
('country',	'0'),
('cron_key',	'34WI2L12L87I1A65M90M9A42N41D08A26I'),
('date_format',	'%d-%m-%Y'),
('date_php_format',	'd-m-Y'),
('date_picker_format',	'dd-mm-yyyy'),
('decimal_separator',	'0'),
('default_currency',	'PKR'),
('default_currency_symbol',	'$'),
('default_language',	'english'),
('default_tax',	'0.00'),
('default_terms',	'Thank you for <span style=\"font-weight: bold;\">your</span> business. Please process this invoice within the due date.'),
('demo_mode',	'FALSE'),
('developer',	'ig63Yd/+yuA8127gEyTz9TY4pnoeKq8dtocVP44+BJvtlRp8Vqcetwjk51dhSB6Rx8aVIKOPfUmNyKGWK7C/gg=='),
('display_estimate_badge',	'0'),
('display_invoice_badge',	'FALSE'),
('email_account_details',	'TRUE'),
('email_estimate_message',	'Hi {CLIENT}<br>Thanks for your business inquiry. <br>The estimate EST {REF} is attached with this email. <br>Estimate Overview:<br>Estimate # : EST {REF}<br>Amount: {CURRENCY} {AMOUNT}<br> You can view the estimate online at:<br>{LINK}<br>Best Regards,<br>{COMPANY}'),
('email_invoice_message',	'Hello {CLIENT}<br>Here is the invoice of {CURRENCY} {AMOUNT}<br>You can view the invoice online at:<br>{LINK}<br>Best Regards,<br>{COMPANY}'),
('email_staff_tickets',	'TRUE'),
('enable_languages',	'TRUE'),
('estimate_color',	'0'),
('estimate_language',	'en'),
('estimate_prefix',	'EST'),
('estimate_terms',	'Hey Looking forward to doing business with you.'),
('file_max_size',	'80000'),
('gcal_api_key',	''),
('gcal_id',	''),
('increment_invoice_number',	'TRUE'),
('installed',	'TRUE'),
('invoices_due_after',	'10'),
('invoice_color',	'#53B567'),
('invoice_language',	'en'),
('invoice_logo',	'uploads/codebite-logo.png'),
('invoice_prefix',	'INV-'),
('invoice_start_no',	'0'),
('language',	'english'),
('languages',	'spanish'),
('last_check',	'1436363002'),
('last_seen_activities',	'0'),
('locale',	'ur_PK'),
('login_bg',	'bg-login.jpg'),
('logofile',	'0'),
('logo_or_icon',	'logo_title'),
('notify_bug_assignment',	'TRUE'),
('notify_bug_comments',	'TRUE'),
('notify_bug_status',	'TRUE'),
('notify_message_received',	'TRUE'),
('notify_project_assignments',	'TRUE'),
('notify_project_comments',	'TRUE'),
('notify_project_files',	'TRUE'),
('notify_task_assignments',	'TRUE'),
('paypal_cancel_url',	'paypal/cancel'),
('paypal_email',	'sales@codebite.pk'),
('paypal_ipn_url',	'paypal/t_ipn/ipn'),
('paypal_live',	'TRUE'),
('paypal_status',	'active'),
('paypal_success_url',	'paypal/success'),
('pdf_engine',	'invoicr'),
('postmark_api_key',	''),
('postmark_from_address',	''),
('project_prefix',	'PRO'),
('protocol',	'mail'),
('purchase_code',	''),
('recurring_invoice',	'0'),
('reminder_message',	'Hello {CLIENT}<br>This is a friendly reminder to pay your invoice of {CURRENCY} {AMOUNT}<br>You can view the invoice online at:<br>{LINK}<br>Best Regards,<br>{COMPANY}'),
('reset_key',	'34WI2L12L87I1A65M90M9A42N41D08A26I'),
('rows_per_table',	'25'),
('security_token',	'5027133599'),
('settings',	'theme'),
('show_estimate_tax',	'on'),
('show_invoice_tax',	'TRUE'),
('show_item_tax',	'0'),
('show_login_image',	'TRUE'),
('show_only_logo',	'FALSE'),
('sidebar_theme',	'red'),
('site_appleicon',	'logo.png'),
('site_author',	'William M.'),
('site_desc',	'Freelancer Office is a Web based PHP application for Freelancers - buy it on Codecanyon'),
('site_favicon',	'logo.png'),
('site_icon',	'fa-flask'),
('smtp_host',	'mail.bacs.com'),
('smtp_pass',	'abdulkahharnayeem1q2w3e4r'),
('smtp_port',	'25'),
('smtp_user',	'info@bacs.com'),
('stripe_private_key',	'pk_test_ARblMczqDw61NusMMs7o1RVK'),
('stripe_public_key',	'pk_test_ARblMczqDw61NusMMs7o1RVK'),
('stripe_status',	'deactive'),
('system_font',	'roboto_condensed'),
('thousand_separator',	','),
('timezone',	'Asia/Karachi'),
('use_gravatar',	'TRUE'),
('use_postmark',	'FALSE'),
('valid_license',	'TRUE'),
('webmaster_email',	'support@example.com'),
('website_name',	'CodeBite Clients Panel');

DROP TABLE IF EXISTS `tbl_countries`;
CREATE TABLE `tbl_countries` (
  `id` int(6) NOT NULL AUTO_INCREMENT,
  `value` varchar(250) CHARACTER SET latin1 NOT NULL DEFAULT '',
  PRIMARY KEY (`id`)
) ENGINE=MyISAM DEFAULT CHARSET=utf8;

INSERT INTO `tbl_countries` (`id`, `value`) VALUES
(1,	'Afghanistan'),
(2,	'Aringland Islands'),
(3,	'Albania'),
(4,	'Algeria'),
(5,	'American Samoa'),
(6,	'Andorra'),
(7,	'Angola'),
(8,	'Anguilla'),
(9,	'Antarctica'),
(10,	'Antigua and Barbuda'),
(11,	'Argentina'),
(12,	'Armenia'),
(13,	'Aruba'),
(14,	'Australia'),
(15,	'Austria'),
(16,	'Azerbaijan'),
(17,	'Bahamas'),
(18,	'Bahrain'),
(19,	'Bangladesh'),
(20,	'Barbados'),
(21,	'Belarus'),
(22,	'Belgium'),
(23,	'Belize'),
(24,	'Benin'),
(25,	'Bermuda'),
(26,	'Bhutan'),
(27,	'Bolivia'),
(28,	'Bosnia and Herzegovina'),
(29,	'Botswana'),
(30,	'Bouvet Island'),
(31,	'Brazil'),
(32,	'British Indian Ocean territory'),
(33,	'Brunei Darussalam'),
(34,	'Bulgaria'),
(35,	'Burkina Faso'),
(36,	'Burundi'),
(37,	'Cambodia'),
(38,	'Cameroon'),
(39,	'Canada'),
(40,	'Cape Verde'),
(41,	'Cayman Islands'),
(42,	'Central African Republic'),
(43,	'Chad'),
(44,	'Chile'),
(45,	'China'),
(46,	'Christmas Island'),
(47,	'Cocos (Keeling) Islands'),
(48,	'Colombia'),
(49,	'Comoros'),
(50,	'Congo'),
(51,	'Congo'),
(52,	' Democratic Republic'),
(53,	'Cook Islands'),
(54,	'Costa Rica'),
(55,	'Ivory Coast (Ivory Coast)'),
(56,	'Croatia (Hrvatska)'),
(57,	'Cuba'),
(58,	'Cyprus'),
(59,	'Czech Republic'),
(60,	'Denmark'),
(61,	'Djibouti'),
(62,	'Dominica'),
(63,	'Dominican Republic'),
(64,	'East Timor'),
(65,	'Ecuador'),
(66,	'Egypt'),
(67,	'El Salvador'),
(68,	'Equatorial Guinea'),
(69,	'Eritrea'),
(70,	'Estonia'),
(71,	'Ethiopia'),
(72,	'Falkland Islands'),
(73,	'Faroe Islands'),
(74,	'Fiji'),
(75,	'Finland'),
(76,	'France'),
(77,	'French Guiana'),
(78,	'French Polynesia'),
(79,	'French Southern Territories'),
(80,	'Gabon'),
(81,	'Gambia'),
(82,	'Georgia'),
(83,	'Germany'),
(84,	'Ghana'),
(85,	'Gibraltar'),
(86,	'Greece'),
(87,	'Greenland'),
(88,	'Grenada'),
(89,	'Guadeloupe'),
(90,	'Guam'),
(91,	'Guatemala'),
(92,	'Guinea'),
(93,	'Guinea-Bissau'),
(94,	'Guyana'),
(95,	'Haiti'),
(96,	'Heard and McDonald Islands'),
(97,	'Honduras'),
(98,	'Hong Kong'),
(99,	'Hungary'),
(100,	'Iceland'),
(101,	'India'),
(102,	'Indonesia'),
(103,	'Iran'),
(104,	'Iraq'),
(105,	'Ireland'),
(106,	'Israel'),
(107,	'Italy'),
(108,	'Jamaica'),
(109,	'Japan'),
(110,	'Jordan'),
(111,	'Kazakhstan'),
(112,	'Kenya'),
(113,	'Kiribati'),
(114,	'Korea (north)'),
(115,	'Korea (south)'),
(116,	'Kuwait'),
(117,	'Kyrgyzstan'),
(118,	'Lao People\'s Democratic Republic'),
(119,	'Latvia'),
(120,	'Lebanon'),
(121,	'Lesotho'),
(122,	'Liberia'),
(123,	'Libyan Arab Jamahiriya'),
(124,	'Liechtenstein'),
(125,	'Lithuania'),
(126,	'Luxembourg'),
(127,	'Macao'),
(128,	'Macedonia'),
(129,	'Madagascar'),
(130,	'Malawi'),
(131,	'Malaysia'),
(132,	'Maldives'),
(133,	'Mali'),
(134,	'Malta'),
(135,	'Marshall Islands'),
(136,	'Martinique'),
(137,	'Mauritania'),
(138,	'Mauritius'),
(139,	'Mayotte'),
(140,	'Mexico'),
(141,	'Micronesia'),
(142,	'Moldova'),
(143,	'Monaco'),
(144,	'Mongolia'),
(145,	'Montserrat'),
(146,	'Morocco'),
(147,	'Mozambique'),
(148,	'Myanmar'),
(149,	'Namibia'),
(150,	'Nauru'),
(151,	'Nepal'),
(152,	'Netherlands'),
(153,	'Netherlands Antilles'),
(154,	'New Caledonia'),
(155,	'New Zealand'),
(156,	'Nicaragua'),
(157,	'Niger'),
(158,	'Nigeria'),
(159,	'Niue'),
(160,	'Norfolk Island'),
(161,	'Northern Mariana Islands'),
(162,	'Norway'),
(163,	'Oman'),
(164,	'Pakistan'),
(165,	'Palau'),
(166,	'Palestinian Territories'),
(167,	'Panama'),
(168,	'Papua New Guinea'),
(169,	'Paraguay'),
(170,	'Peru'),
(171,	'Philippines'),
(172,	'Pitcairn'),
(173,	'Poland'),
(174,	'Portugal'),
(175,	'Puerto Rico'),
(176,	'Qatar'),
(177,	'Runion'),
(178,	'Romania'),
(179,	'Russian Federation'),
(180,	'Rwanda'),
(181,	'Saint Helena'),
(182,	'Saint Kitts and Nevis'),
(183,	'Saint Lucia'),
(184,	'Saint Pierre and Miquelon'),
(185,	'Saint Vincent and the Grenadines'),
(186,	'Samoa'),
(187,	'San Marino'),
(188,	'Sao Tome and Principe'),
(189,	'Saudi Arabia'),
(190,	'Senegal'),
(191,	'Serbia and Montenegro'),
(192,	'Seychelles'),
(193,	'Sierra Leone'),
(194,	'Singapore'),
(195,	'Slovakia'),
(196,	'Slovenia'),
(197,	'Solomon Islands'),
(198,	'Somalia'),
(199,	'South Africa'),
(200,	'South Georgia and the South Sandwich Islands'),
(201,	'Spain'),
(202,	'Sri Lanka'),
(203,	'Sudan'),
(204,	'Suriname'),
(205,	'Svalbard and Jan Mayen Islands'),
(206,	'Swaziland'),
(207,	'Sweden'),
(208,	'Switzerland'),
(209,	'Syria'),
(210,	'Taiwan'),
(211,	'Tajikistan'),
(212,	'Tanzania'),
(213,	'Thailand'),
(214,	'Togo'),
(215,	'Tokelau'),
(216,	'Tonga'),
(217,	'Trinidad and Tobago'),
(218,	'Tunisia'),
(219,	'Turkey'),
(220,	'Turkmenistan'),
(221,	'Turks and Caicos Islands'),
(222,	'Tuvalu'),
(223,	'Uganda'),
(224,	'Ukraine'),
(225,	'United Arab Emirates'),
(226,	'United Kingdom'),
(227,	'United States of America'),
(228,	'Uruguay'),
(229,	'Uzbekistan'),
(230,	'Vanuatu'),
(231,	'Vatican City'),
(232,	'Venezuela'),
(233,	'Vietnam'),
(234,	'Virgin Islands (British)'),
(235,	'Virgin Islands (US)'),
(236,	'Wallis and Futuna Islands'),
(237,	'Western Sahara'),
(238,	'Yemen'),
(239,	'Zaire'),
(240,	'Zambia'),
(241,	'Zimbabwe');

DROP TABLE IF EXISTS `tbl_currencies`;
CREATE TABLE `tbl_currencies` (
  `code` varchar(5) COLLATE utf8_unicode_ci NOT NULL,
  `name` varchar(100) COLLATE utf8_unicode_ci DEFAULT NULL,
  `symbol` varchar(5) COLLATE utf8_unicode_ci DEFAULT NULL,
  `xrate` decimal(12,5) DEFAULT NULL,
  PRIMARY KEY (`code`)
) ENGINE=InnoDB DEFAULT CHARSET=utf8 COLLATE=utf8_unicode_ci;

INSERT INTO `tbl_currencies` (`code`, `name`, `symbol`, `xrate`) VALUES
('AUD',	'Australian Dollar',	'$',	NULL),
('BRL',	'Brazilian Real',	'R$',	NULL),
('CAD',	'Canadian Dollar',	'$',	NULL),
('CHF',	'Swiss Franc',	'Fr',	NULL),
('CLP',	'Chilean Peso',	'$',	NULL),
('CNY',	'Chinese Yuan',	'¥',	NULL),
('CZK',	'Czech Koruna',	'Kč',	NULL),
('DKK',	'Danish Krone',	'kr',	NULL),
('EUR',	'Euro',	'€',	NULL),
('GBP',	'British Pound',	'£',	NULL),
('HKD',	'Hong Kong Dollar',	'$',	NULL),
('HUF',	'Hungarian Forint',	'Ft',	NULL),
('IDR',	'Indonesian Rupiah',	'Rp',	NULL),
('ILS',	'Israeli New Shekel',	'₪',	NULL),
('INR',	'Indian Rupee',	'INR',	NULL),
('JPY',	'Japanese Yen',	'¥',	NULL),
('KRW',	'Korean Won',	'₩',	NULL),
('MXN',	'Mexican Peso',	'$',	NULL),
('MYR',	'Malaysian Ringgit',	'RM',	NULL),
('NOK',	'Norwegian Krone',	'kr',	NULL),
('NZD',	'New Zealand Dollar',	'$',	NULL),
('PHP',	'Philippine Peso',	'₱',	NULL),
('PKR',	'Pakistan Rupee',	'₨',	NULL),
('PLN',	'Polish Zloty',	'zł',	NULL),
('RUB',	'Russian Ruble',	'₽',	NULL),
('SEK',	'Swedish Krona',	'kr',	NULL),
('SGD',	'Singapore Dollar',	'$',	NULL),
('THB',	'Thai Baht',	'฿',	NULL),
('TRY',	'Turkish Lira',	'₺',	NULL),
('TWD',	'Taiwan Dollar',	'$',	NULL),
('USD',	'US Dollar',	'$',	1.00000),
('VEF',	'Bolívar Fuerte',	'Bs.',	NULL),
('ZAR',	'South African Rand',	'R',	NULL);

DROP TABLE IF EXISTS `tbl_departments`;
CREATE TABLE `tbl_departments` (
  `departments_id` int(10) NOT NULL AUTO_INCREMENT,
  `deptname` varchar(200) COLLATE utf8_unicode_ci DEFAULT NULL,
  PRIMARY KEY (`departments_id`)
) ENGINE=MyISAM DEFAULT CHARSET=utf8 COLLATE=utf8_unicode_ci;

INSERT INTO `tbl_departments` (`departments_id`, `deptname`) VALUES
(1,	'Sales Department'),
(2,	'Support Department');

DROP TABLE IF EXISTS `tbl_draft`;
CREATE TABLE `tbl_draft` (
  `draft_id` int(11) NOT NULL AUTO_INCREMENT,
  `user_id` int(11) NOT NULL,
  `to` text NOT NULL,
  `subject` varchar(300) NOT NULL,
  `message_body` text NOT NULL,
  `attach_file` varchar(200) DEFAULT NULL,
  `attach_file_path` text,
  `attach_filename` text,
  `message_time` datetime NOT NULL,
  `deleted` enum('Yes','No') NOT NULL DEFAULT 'No',
  PRIMARY KEY (`draft_id`)
) ENGINE=InnoDB DEFAULT CHARSET=utf8;


DROP TABLE IF EXISTS `tbl_email_templates`;
CREATE TABLE `tbl_email_templates` (
  `email_templates_id` int(11) NOT NULL AUTO_INCREMENT,
  `email_group` varchar(150) COLLATE utf8_unicode_ci NOT NULL,
  `subject` varchar(255) COLLATE utf8_unicode_ci DEFAULT NULL,
  `template_body` text COLLATE utf8_unicode_ci NOT NULL,
  PRIMARY KEY (`email_templates_id`)
) ENGINE=InnoDB DEFAULT CHARSET=utf8 COLLATE=utf8_unicode_ci;

INSERT INTO `tbl_email_templates` (`email_templates_id`, `email_group`, `subject`, `template_body`) VALUES
(1,	'registration',	'Registration successful',	'<div style=\"height: 7px; background-color: #535353;\"></div><div style=\"background-color:#E8E8E8; margin:0px; padding:55px 20px 40px 20px; font-family:Open Sans, Helvetica, sans-serif; font-size:12px; color:#535353;\"><div style=\"text-align:center; font-size:24px; font-weight:bold; color:#535353;\">Welcome to {SITE_NAME}</div><div style=\"border-radius: 5px 5px 5px 5px; padding:20px; margin-top:45px; background-color:#FFFFFF; font-family:Open Sans, Helvetica, sans-serif; font-size:13px;\">Thanks for joining {SITE_NAME}. We listed your sign in details below, make sure you keep them safe.<br>To open your {SITE_NAME} homepage, please follow this link:<br><big><b><a href=\"{SITE_URL}\">{SITE_NAME} Account!</a></b></big><br>Link doesn\'t work? Copy the following link to your browser address bar:<br><a href=\"{SITE_URL}\">{SITE_URL}</a><br>Your username: {USERNAME}<br>Your email address: {EMAIL}<br>Your password: {PASSWORD}<br>Have fun!<br>The {SITE_NAME} Team.<br><br></div></div>'),
(2,	'forgot_password',	'Forgot Password',	'        <div style=\"height: 7px; background-color: #535353;\"></div><div style=\"background-color:#E8E8E8; margin:0px; padding:55px 20px 40px 20px; font-family:Open Sans, Helvetica, sans-serif; font-size:12px; color:#535353;\"><div style=\"text-align:center; font-size:24px; font-weight:bold; color:#535353;\">New Password</div><div style=\"border-radius: 5px 5px 5px 5px; padding:20px; margin-top:45px; background-color:#FFFFFF; font-family:Open Sans, Helvetica, sans-serif; font-size:13px;\">Forgot your password, huh? No big deal.<br>To create a new password, just follow this link:<br><br><big><b><a href=\"{PASS_KEY_URL}\">Create a new password</a></b></big><br>Link doesn\'t work? Copy the following link to your browser address bar:<br><a href=\"{PASS_KEY_URL}\">{PASS_KEY_URL}</a><br><br><br>You received this email, because it was requested by a <a href=\"{SITE_URL}\">{SITE_NAME}</a> user. <p></p><p>This is part of the procedure to create a new password on the system. If you DID NOT request a new password then please ignore this email and your password will remain the same.</p><br>Thank you,<br>The {SITE_NAME} Team</div></div>'),
(3,	'change_email',	'Change Email',	'<div style=\"height: 7px; background-color: #535353;\"></div>\r\n<div style=\"background-color:#E8E8E8; margin:0px; padding:55px 20px 40px 20px; font-family:Open Sans, Helvetica, sans-serif; font-size:12px; color:#535353;\"><div style=\"text-align:center; font-size:24px; font-weight:bold; color:#535353;\">New email address on {SITE_NAME}</div>\r\n\r\n<div style=\"border-radius: 5px 5px 5px 5px; padding:20px; margin-top:45px; background-color:#FFFFFF; font-family:Open Sans, Helvetica, sans-serif; font-size:13px;\">You have changed your email address for {SITE_NAME}.<br>Follow this link to confirm your new email address:<br><big><b><a href=\"{NEW_EMAIL_KEY_URL}\">Confirm your new email</a></b></big><br>Link doesn\'t work? Copy the following link to your browser address bar:<br><a href=\"{NEW_EMAIL_KEY_URL}\">{NEW_EMAIL_KEY_URL}</a><br><br>Your email address: {NEW_EMAIL}<br><br>You received this email, because it was requested by a <a href=\"{SITE_URL}\">{SITE_NAME}</a> user. If you have received this by mistake, please DO NOT click the confirmation link, and simply delete this email. After a short time, the request will be removed from the system.<br>Thank you,<br>The {SITE_NAME} Team</div>\r\n\r\n</div>'),
(4,	'activate_account',	'Activate Account',	'<p>Welcome to {SITE_NAME}!</p>\r\n\r\n<p>Thanks for joining {SITE_NAME}. We listed your sign in details below, make sure you keep them safe.</p>\r\n\r\n<p>To verify your email address, please follow this link:<br />\r\n<big><strong><a href=\"{ACTIVATE_URL}\">Finish your registration...</a></strong></big><br />\r\nLink doesn&#39;t work? Copy the following link to your browser address bar:<br />\r\n<a href=\"{ACTIVATE_URL}\">{ACTIVATE_URL}</a></p>\r\n\r\n<p><br />\r\n<br />\r\nPlease verify your email within {ACTIVATION_PERIOD} hours, otherwise your registration will become invalid and you will have to register again.<br />\r\n<br />\r\n<br />\r\nYour username: {USERNAME}<br />\r\nYour email address: {EMAIL}<br />\r\nYour password: {PASSWORD}<br />\r\n<br />\r\nHave fun!<br />\r\nThe {SITE_NAME} Team</p>\r\n'),
(5,	'reset_password',	'Reset Password',	'<div style=\"height: 7px; background-color: #535353;\"></div>\r\n<div style=\"background-color:#E8E8E8; margin:0px; padding:55px 20px 40px 20px; font-family:Open Sans, Helvetica, sans-serif; font-size:12px; color:#535353;\"><div style=\"text-align:center; font-size:24px; font-weight:bold; color:#535353;\">New password on {SITE_NAME}</div>\r\n<div style=\"border-radius: 5px 5px 5px 5px; padding:20px; margin-top:45px; background-color:#FFFFFF; font-family:Open Sans, Helvetica, sans-serif; font-size:13px;\"><p>You have changed your password.<br>Please, keep it in your records so you don\'t forget it.<br></p>\r\nYour username: {USERNAME}<br>Your email address: {EMAIL}<br>Your new password: {NEW_PASSWORD}<br><br>Thank you,<br>The {SITE_NAME} Team</div>\r\n</div>'),
(13,	'refund_confirmation',	'Refund Confirmation',	'<p>Refund Confirmation</p>\r\n\r\n<p>Hello {CLIENT}</p>\r\n\r\n<p>This is confirmation that a refund has been processed for Invoice&nbsp; of {CURRENCY} {AMOUNT}&nbsp;sent on {INVOICE_DATE}.<br />\r\nYou can view the invoice online at:<br />\r\n<big><strong><a href=\"{INVOICE_LINK}\">View Invoice</a></strong></big><br />\r\n<br />\r\nBest Regards,<br />\r\nThe {SITE_NAME} Team</p>\r\n'),
(14,	'payment_confirmation',	'Payment Confirmation',	'<p>Payment Confirmation</p>\r\n\r\n<p>Hello {CLIENT}</p>\r\n\r\n<p>This is a payment receipt for your invoice of {CURRENCY} {AMOUNT}&nbsp;sent on {INVOICE_DATE}.<br />\r\nYou can view the invoice online at:<br />\r\n<big><strong><a href=\"{INVOICE_LINK}\">View Invoice</a></strong></big><br />\r\n<br />\r\nBest Regards,<br />\r\nThe {SITE_NAME} Team</p>\r\n'),
(15,	'payment_email',	'Payment Received',	'<div style=\"height: 7px; background-color: #535353;\"></div>\n<div style=\"background-color:#E8E8E8; margin:0px; padding:55px 20px 40px 20px; font-family:Open Sans, Helvetica, sans-serif; font-size:12px; color:#535353;\"><div style=\"text-align:center; font-size:24px; font-weight:bold; color:#535353;\">Payment Received</div>\n<div style=\"border-radius: 5px 5px 5px 5px; padding:20px; margin-top:45px; background-color:#FFFFFF; font-family:Open Sans, Helvetica, sans-serif; font-size:13px;\"><p>Dear Customer</p>\n<p>We have received your payment of {INVOICE_CURRENCY} {PAID_AMOUNT}. </p>\n<p>Thank you for your Payment and business. We look forward to working with you again.</p>\n--------------------------<br>Regards<br>The {SITE_NAME} Team</div>\n</div>'),
(16,	'invoice_overdue_email',	'Invoice Overdue Notice',	'<p>Invoice Overdue</p>\r\n\r\n<p>INVOICE {REF}</p>\r\n\r\n<p><strong>Hello {CLIENT}</strong></p>\r\n\r\n<p>This is the notice that your invoice overdue.&nbsp;The invoice {CURRENCY} {AMOUNT}. and Due Date: {DUE_DATE}</p>\r\n\r\n<p>You can view the invoice online at:<br />\r\n<big><strong><a href=\"{INVOICE_LINK}\">View Invoice</a></strong></big><br />\r\n<br />\r\nBest Regards,<br />\r\nThe {SITE_NAME} Team</p>\r\n\r\n<p>&nbsp;</p>\r\n'),
(17,	'invoice_message',	'New Invoice',	'<div style=\"height: 7px; background-color: #535353;\"></div><div style=\"background-color:#E8E8E8; margin:0px; padding:55px 20px 40px 20px; font-family:Open Sans, Helvetica, sans-serif; font-size:12px; color:#535353;\"><div style=\"text-align:center; font-size:24px; font-weight:bold; color:#535353;\">INVOICE {REF}</div><div style=\"border-radius: 5px 5px 5px 5px; padding:20px; margin-top:45px; background-color:#FFFFFF; font-family:Open Sans, Helvetica, sans-serif; font-size:13px;\"><span class=\"style1\"><span style=\"font-weight:bold;\">Hello {CLIENT}</span></span><br><br>Here is the invoice of {CURRENCY} {AMOUNT}.<br><br>You can view the invoice online at:<br><big><b><a href=\"{INVOICE_LINK}\">View Invoice</a></b></big><br><br>Best Regards<br><br>The {SITE_NAME} Team</div></div>'),
(18,	'invoice_reminder',	'Invoice Reminder',	'<div style=\"height: 7px; background-color: #535353;\"></div>\r\n<div style=\"background-color:#E8E8E8; margin:0px; padding:55px 20px 40px 20px; font-family:Open Sans, Helvetica, sans-serif; font-size:12px; color:#535353;\"><div style=\"text-align:center; font-size:24px; font-weight:bold; color:#535353;\">Invoice Reminder</div>\r\n<div style=\"border-radius: 5px 5px 5px 5px; padding:20px; margin-top:45px; background-color:#FFFFFF; font-family:Open Sans, Helvetica, sans-serif; font-size:13px;\"><p>Hello {CLIENT}</p>\r\n<br><p>This is a friendly reminder to pay your invoice of {CURRENCY} {AMOUNT}<br>You can view the invoice online at:<br><big><b><a href=\"{INVOICE_LINK}\">View Invoice</a></b></big><br><br>Best Regards,<br>The {SITE_NAME} Team</p>\r\n</div>\r\n</div>'),
(19,	'message_received',	'Message Received',	'<div style=\"height: 7px; background-color: #535353;\"></div>\r\n<div style=\"background-color:#E8E8E8; margin:0px; padding:55px 20px 40px 20px; font-family:Open Sans, Helvetica, sans-serif; font-size:12px; color:#535353;\"><div style=\"text-align:center; font-size:24px; font-weight:bold; color:#535353;\">Message Received</div>\r\n<div style=\"border-radius: 5px 5px 5px 5px; padding:20px; margin-top:45px; background-color:#FFFFFF; font-family:Open Sans, Helvetica, sans-serif; font-size:13px;\"><p>Hi {RECIPIENT},</p>\r\n<p>You have received a message from {SENDER}. </p>\r\n------------------------------------------------------------------<br><blockquote>\r\n{MESSAGE}</blockquote>\r\n<big><b><a href=\"{SITE_URL}\">Go to Account</a></b></big><br><br>Regards<br>The {SITE_NAME} Team</div>\r\n</div>'),
(20,	'estimate_email',	'New Estimate',	'<p>Estimate {ESTIMATE_REF}</p>\r\n\r\n<p>Hi {CLIENT}</p>\r\n\r\n<p>Thanks for your business inquiry.</p>\r\n\r\n<p>The estimate {ESTIMATE_REF} is attached with this email.<br />\r\nEstimate Overview:<br />\r\nEstimate # : {ESTIMATE_REF}<br />\r\nAmount: {CURRENCY} {AMOUNT}<br />\r\n<br />\r\nYou can view the estimate online at:<br />\r\n<big><strong><a href=\"{ESTIMATE_LINK}\">View Estimate</a></strong></big><br />\r\n<br />\r\nBest Regards,<br />\r\nThe {SITE_NAME} Team</p>\r\n'),
(21,	'ticket_staff_email',	'New Ticket [TICKET_CODE]',	'<div style=\"height: 7px; background-color: #535353;\"></div>\r\n<div style=\"background-color:#E8E8E8; margin:0px; padding:55px 20px 40px 20px; font-family:Open Sans, Helvetica, sans-serif; font-size:12px; color:#535353;\"><div style=\"text-align:center; font-size:24px; font-weight:bold; color:#535353;\">New Ticket</div>\r\n<div style=\"border-radius: 5px 5px 5px 5px; padding:20px; margin-top:45px; background-color:#FFFFFF; font-family:Open Sans, Helvetica, sans-serif; font-size:13px;\"><p>Ticket #{TICKET_CODE} has been created by the client.</p>\r\n<p>You may view the ticket by clicking on the following link <br><br>  Client Email : {REPORTER_EMAIL}<br><br> <big><b><a href=\"{TICKET_LINK}\">View Ticket</a></b></big> <br><br>Regards<br><br>{SITE_NAME}</p>\r\n</div>\r\n</div>'),
(22,	'ticket_client_email',	'Ticket [TICKET_CODE] Opened',	'<div style=\"height: 7px; background-color: #535353;\"></div>\r\n<div style=\"background-color:#E8E8E8; margin:0px; padding:55px 20px 40px 20px; font-family:Open Sans, Helvetica, sans-serif; font-size:12px; color:#535353;\"><div style=\"text-align:center; font-size:24px; font-weight:bold; color:#535353;\">Ticket Opened</div>\r\n<div style=\"border-radius: 5px 5px 5px 5px; padding:20px; margin-top:45px; background-color:#FFFFFF; font-family:Open Sans, Helvetica, sans-serif; font-size:13px;\"><p>Hello {CLIENT_EMAIL},<br><br></p>\r\n<p>Your ticket has been opened with us.<br><br>Ticket #{TICKET_CODE}<br>Status : Open<br><br>Click on the below link to see the ticket details and post additional comments.<br><br><big><b><a href=\"{TICKET_LINK}\">View Ticket</a></b></big><br><br>Regards<br><br>The {SITE_NAME} Team<br></p>\r\n</div>\r\n</div>'),
(23,	'ticket_reply_email',	'Ticket [TICKET_CODE] Response',	'<div style=\"height: 7px; background-color: #535353;\"></div>\r\n<div style=\"background-color:#E8E8E8; margin:0px; padding:55px 20px 40px 20px; font-family:Open Sans, Helvetica, sans-serif; font-size:12px; color:#535353;\"><div style=\"text-align:center; font-size:24px; font-weight:bold; color:#535353;\">Ticket Response</div>\r\n<div style=\"border-radius: 5px 5px 5px 5px; padding:20px; margin-top:45px; background-color:#FFFFFF; font-family:Open Sans, Helvetica, sans-serif; font-size:13px;\"><p>A new response has been added to Ticket #{TICKET_CODE}<br><br> Ticket : #{TICKET_CODE} <br>Status : {TICKET_STATUS} <br><br></p>\r\nTo see the response and post additional comments, click on the link below.<br><br>         <big><b><a href=\"{TICKET_LINK}\">View Reply</a> </b></big><br><br>          Note: Do not reply to this email as this email is not monitored.<br><br>     Regards<br>The {SITE_NAME} Team<br></div>\r\n</div>'),
(24,	'ticket_closed_email',	'Ticket [TICKET_CODE] Closed',	'<div style=\"height: 7px; background-color: #535353;\"></div>\r\n<div style=\"background-color:#E8E8E8; margin:0px; padding:55px 20px 40px 20px; font-family:Open Sans, Helvetica, sans-serif; font-size:12px; color:#535353;\"><div style=\"text-align:center; font-size:24px; font-weight:bold; color:#535353;\">Ticket Closed</div>\r\n<div style=\"border-radius: 5px 5px 5px 5px; padding:20px; margin-top:45px; background-color:#FFFFFF; font-family:Open Sans, Helvetica, sans-serif; font-size:13px;\">Hi {REPORTER_EMAIL}<br><br>Ticket #{TICKET_CODE} has been closed by {STAFF_USERNAME} <br><br>          Ticket : #{TICKET_CODE} <br>     Status : {TICKET_STATUS}<br><br>Replies : {NO_OF_REPLIES}<br><br>          To see the responses or open the ticket, click on the link below.<br><br>          <big><b><a href=\"{TICKET_LINK}\">View Ticket</a></b></big> <br><br>          Note: Do not reply to this email as this email is not monitored.<br><br>    Regards<br>The {SITE_NAME} Team</div>\r\n</div>'),
(25,	'project_updated',	'Project updated',	'<div style=\"height: 7px; background-color: #535353;\"></div>\r\n<div style=\"background-color:#E8E8E8; margin:0px; padding:55px 20px 40px 20px; font-family:Open Sans, Helvetica, sans-serif; font-size:12px; color:#535353;\"><div style=\"text-align:center; font-size:24px; font-weight:bold; color:#535353;\">Project updated</div>\r\n<div style=\"border-radius: 5px 5px 5px 5px; padding:20px; margin-top:45px; background-color:#FFFFFF; font-family:Open Sans, Helvetica, sans-serif; font-size:13px;\"><p>Hi there,</p>\r\n<p>{PROJECT_TITLE} ) has been updated by {ASSIGNED_BY}.</p>\r\n<p>You can view this project by logging in to the portal using the link below.</p>\r\n-----------------------------------<br><big><b><a href=\"{PROJECT_URL}\">View Project</a></b></big><br><br>Regards<br>The {SITE_NAME} Team</div>\r\n</div>'),
(26,	'task_updated',	'Task updated',	'<div style=\"height: 7px; background-color: #535353;\"></div>\r\n<div style=\"background-color:#E8E8E8; margin:0px; padding:55px 20px 40px 20px; font-family:Open Sans, Helvetica, sans-serif; font-size:12px; color:#535353;\"><div style=\"text-align:center; font-size:24px; font-weight:bold; color:#535353;\">Task updated</div>\r\n<div style=\"border-radius: 5px 5px 5px 5px; padding:20px; margin-top:45px; background-color:#FFFFFF; font-family:Open Sans, Helvetica, sans-serif; font-size:13px;\"><p>Hi there,</p>\r\n<p>{TASK_NAME} in {PROJECT_TITLE} has been updated by {ASSIGNED_BY}.</p>\r\n<p>You can view this project by logging in to the portal using the link below.</p>\r\n-----------------------------------<br><big><b><a href=\"{PROJECT_URL}\">View Project</a></b></big><br><br>Regards<br>The {SITE_NAME} Team</div>\r\n</div>'),
(27,	'quotations_form',	'Your Quotation Request',	'<p>QUOTATION</p>\r\n\r\n<p><strong>Hello {CLIENT}</strong><br />\r\n&nbsp;</p>\r\n\r\n<p>Thank you for you for filling in our Quotation Request Form.<br />\r\n<br />\r\nPlease find below are our quotation:</p>\r\n\r\n<p>&nbsp;</p>\r\n\r\n<table cellpadding=\"8\" style=\"width:100%\">\r\n	<tbody>\r\n		<tr>\r\n			<td>Quotation Date</td>\r\n			<td><strong>{DATE}</strong></td>\r\n		</tr>\r\n		<tr>\r\n			<td>Our Quotation</td>\r\n			<td><strong>{CURRENCY} {AMOUNT}</strong></td>\r\n		</tr>\r\n		<tr>\r\n			<td>Addtitional Comments</td>\r\n			<td><strong>{NOTES}</strong></td>\r\n		</tr>\r\n	</tbody>\r\n</table>\r\n\r\n<p><br />\r\nYou can view the estimate online at:<br />\r\n<big><strong><a href=\"{QUOTATION LINK}\">View Quotation</a></strong></big></p>\r\n\r\n<p>&nbsp;</p>\r\n\r\n<p><br />\r\nThank you and we look forward to working with you.<br />\r\n<br />\r\nBest Regards,<br />\r\nThe {SITE_NAME} Team</p>\r\n\r\n<p>&nbsp;</p>\r\n');

DROP TABLE IF EXISTS `tbl_estimates`;
CREATE TABLE `tbl_estimates` (
  `estimates_id` int(11) NOT NULL AUTO_INCREMENT,
  `reference_no` varchar(32) COLLATE utf8_unicode_ci DEFAULT NULL,
  `client_id` int(11) DEFAULT NULL,
  `due_date` varchar(40) COLLATE utf8_unicode_ci DEFAULT NULL,
  `currency` varchar(32) COLLATE utf8_unicode_ci DEFAULT 'USD',
  `discount` float NOT NULL,
  `notes` text COLLATE utf8_unicode_ci,
  `tax` int(11) NOT NULL DEFAULT '0',
  `status` enum('Accepted','Declined','Pending') COLLATE utf8_unicode_ci NOT NULL DEFAULT 'Pending',
  `date_sent` varchar(64) COLLATE utf8_unicode_ci DEFAULT NULL,
  `est_deleted` enum('Yes','No') COLLATE utf8_unicode_ci NOT NULL DEFAULT 'No',
  `date_saved` timestamp NOT NULL DEFAULT CURRENT_TIMESTAMP,
  `emailed` enum('Yes','No') COLLATE utf8_unicode_ci DEFAULT 'No',
  `show_client` enum('Yes','No') COLLATE utf8_unicode_ci DEFAULT 'No',
  `invoiced` enum('Yes','No') COLLATE utf8_unicode_ci DEFAULT 'No',
  `permission` text COLLATE utf8_unicode_ci,
  PRIMARY KEY (`estimates_id`),
  UNIQUE KEY `reference_no` (`reference_no`)
) ENGINE=InnoDB DEFAULT CHARSET=utf8 COLLATE=utf8_unicode_ci;


DROP TABLE IF EXISTS `tbl_estimate_items`;
CREATE TABLE `tbl_estimate_items` (
  `estimate_items_id` int(11) NOT NULL AUTO_INCREMENT,
  `estimates_id` int(11) NOT NULL,
  `item_tax_rate` decimal(10,2) NOT NULL DEFAULT '0.00',
  `item_name` varchar(150) COLLATE utf8_unicode_ci DEFAULT 'Item Name',
  `item_desc` longtext COLLATE utf8_unicode_ci,
  `unit_cost` decimal(10,2) DEFAULT '0.00',
  `quantity` decimal(10,2) DEFAULT '0.00',
  `item_tax_total` decimal(10,2) DEFAULT '0.00',
  `total_cost` decimal(10,2) DEFAULT '0.00',
  `date_saved` timestamp NOT NULL DEFAULT CURRENT_TIMESTAMP,
  `item_order` int(11) DEFAULT '0',
  PRIMARY KEY (`estimate_items_id`)
) ENGINE=InnoDB DEFAULT CHARSET=utf8 COLLATE=utf8_unicode_ci;


DROP TABLE IF EXISTS `tbl_expense`;
CREATE TABLE `tbl_expense` (
  `expense_id` int(5) NOT NULL AUTO_INCREMENT,
  `expense_category_id` int(11) NOT NULL,
  `user_id` int(11) NOT NULL,
  `item_name` varchar(300) NOT NULL,
  `purchase_from` varchar(300) NOT NULL,
  `purchase_date` date NOT NULL,
  `amount` double NOT NULL,
  PRIMARY KEY (`expense_id`)
) ENGINE=InnoDB DEFAULT CHARSET=utf8;


DROP TABLE IF EXISTS `tbl_expense_bill_copy`;
CREATE TABLE `tbl_expense_bill_copy` (
  `expense_bill_copy_id` int(11) NOT NULL AUTO_INCREMENT,
  `expense_id` int(11) NOT NULL,
  `bill_copy` text NOT NULL,
  `bill_copy_filename` text NOT NULL,
  `bill_copy_path` text NOT NULL,
  PRIMARY KEY (`expense_bill_copy_id`)
) ENGINE=InnoDB DEFAULT CHARSET=utf8;


DROP TABLE IF EXISTS `tbl_expense_category`;
CREATE TABLE `tbl_expense_category` (
  `expense_category_id` int(11) NOT NULL AUTO_INCREMENT,
  `expense_category` varchar(200) NOT NULL,
  `description` varchar(200) NOT NULL,
  PRIMARY KEY (`expense_category_id`)
) ENGINE=InnoDB DEFAULT CHARSET=utf8;


DROP TABLE IF EXISTS `tbl_files`;
CREATE TABLE `tbl_files` (
  `files_id` int(11) NOT NULL AUTO_INCREMENT,
  `project_id` int(11) NOT NULL,
  `title` varchar(255) COLLATE utf8_unicode_ci DEFAULT NULL,
  `description` text COLLATE utf8_unicode_ci,
  `uploaded_by` int(11) NOT NULL,
  `date_posted` timestamp NOT NULL DEFAULT CURRENT_TIMESTAMP,
  PRIMARY KEY (`files_id`)
) ENGINE=InnoDB DEFAULT CHARSET=utf8 COLLATE=utf8_unicode_ci;


DROP TABLE IF EXISTS `tbl_inbox`;
CREATE TABLE `tbl_inbox` (
  `inbox_id` int(11) NOT NULL AUTO_INCREMENT,
  `user_id` int(11) NOT NULL,
  `to` varchar(100) NOT NULL,
  `from` varchar(100) NOT NULL,
  `subject` varchar(300) NOT NULL,
  `message_body` text NOT NULL,
  `attach_file` varchar(200) DEFAULT NULL,
  `attach_file_path` text,
  `attach_filename` text,
  `message_time` datetime NOT NULL,
  `view_status` tinyint(1) NOT NULL DEFAULT '2' COMMENT '1=Read 2=Unread',
  `favourites` tinyint(1) NOT NULL DEFAULT '0' COMMENT '0= no 1=yes',
  `notify_me` tinyint(1) NOT NULL DEFAULT '1' COMMENT '1=on 0=off',
  `deleted` enum('Yes','No') NOT NULL DEFAULT 'No',
  PRIMARY KEY (`inbox_id`)
) ENGINE=InnoDB DEFAULT CHARSET=utf8;

INSERT INTO `tbl_inbox` (`inbox_id`, `user_id`, `to`, `from`, `subject`, `message_body`, `attach_file`, `attach_file_path`, `attach_filename`, `message_time`, `view_status`, `favourites`, `notify_me`, `deleted`) VALUES
(1,	1,	'nayeem.edu01@gmail.com',	'nayeem.edu01@gmail.com',	'Test',	'<p>Hello&nbsp;</p>\n\n<p>&nbsp;</p>\n\n<p>How are you?</p>\n\n<p>&nbsp;</p>\n\n<p>Regards</p>\n',	NULL,	NULL,	NULL,	'2015-12-13 00:19:34',	1,	0,	1,	'No'),
(2,	1,	'amer@codebite.pk',	'amer@codebite.pk',	'Test',	'<p>Hello</p>\n\n<p>&nbsp;</p>\n\n<p>&nbsp;</p>\n\n<p>How are you?</p>\n\n<p>&nbsp;</p>\n\n<p>&nbsp;</p>\n\n<p>Regards</p>\n',	NULL,	NULL,	NULL,	'2015-12-13 00:24:54',	1,	0,	1,	'No'),
(3,	3,	'amer@codebite.pk',	'rehan@codebite.pk',	'Test',	'<p>Hello</p>\n',	NULL,	NULL,	NULL,	'2015-12-14 12:12:37',	1,	0,	1,	'No');

DROP TABLE IF EXISTS `tbl_income_category`;
CREATE TABLE `tbl_income_category` (
  `income_category_id` int(11) NOT NULL AUTO_INCREMENT,
  `income_category` varchar(200) CHARACTER SET utf8 NOT NULL,
  `description` varchar(200) CHARACTER SET utf8 NOT NULL,
  PRIMARY KEY (`income_category_id`)
) ENGINE=InnoDB DEFAULT CHARSET=latin1;


DROP TABLE IF EXISTS `tbl_invoices`;
CREATE TABLE `tbl_invoices` (
  `invoices_id` int(11) NOT NULL AUTO_INCREMENT,
  `recur_start_date` varchar(20) COLLATE utf8_unicode_ci NOT NULL,
  `recur_end_date` varchar(20) COLLATE utf8_unicode_ci NOT NULL,
  `reference_no` varchar(32) COLLATE utf8_unicode_ci DEFAULT NULL,
  `client_id` int(11) NOT NULL,
  `due_date` varchar(40) COLLATE utf8_unicode_ci DEFAULT NULL,
  `notes` text COLLATE utf8_unicode_ci NOT NULL,
  `tax` decimal(10,2) NOT NULL DEFAULT '0.00',
  `discount` decimal(10,2) NOT NULL DEFAULT '0.00',
  `recurring` enum('Yes','No') COLLATE utf8_unicode_ci NOT NULL DEFAULT 'No',
  `recuring_frequency` int(11) NOT NULL DEFAULT '31',
  `recur_frequency` varchar(12) COLLATE utf8_unicode_ci DEFAULT NULL,
  `recur_next_date` varchar(32) COLLATE utf8_unicode_ci DEFAULT NULL,
  `currency` varchar(32) COLLATE utf8_unicode_ci NOT NULL DEFAULT 'USD',
  `status` enum('Unpaid','Paid') COLLATE utf8_unicode_ci NOT NULL DEFAULT 'Unpaid',
  `archived` int(11) DEFAULT '0',
  `date_sent` varchar(64) COLLATE utf8_unicode_ci DEFAULT NULL,
  `inv_deleted` enum('Yes','No') COLLATE utf8_unicode_ci NOT NULL DEFAULT 'No',
  `date_saved` timestamp NOT NULL DEFAULT CURRENT_TIMESTAMP,
  `emailed` enum('Yes','No') COLLATE utf8_unicode_ci NOT NULL DEFAULT 'No',
  `show_client` enum('Yes','No') COLLATE utf8_unicode_ci NOT NULL DEFAULT 'Yes',
  `viewed` enum('Yes','No') COLLATE utf8_unicode_ci NOT NULL DEFAULT 'No',
  `allow_paypal` enum('Yes','No') COLLATE utf8_unicode_ci NOT NULL DEFAULT 'Yes',
  `allow_stripe` enum('Yes','No') COLLATE utf8_unicode_ci NOT NULL DEFAULT 'Yes',
  `allow_2checkout` enum('Yes','No') COLLATE utf8_unicode_ci NOT NULL DEFAULT 'Yes',
  `allow_authorize` enum('Yes','No') COLLATE utf8_unicode_ci NOT NULL DEFAULT 'No',
  `allow_ccavenue` enum('Yes','No') COLLATE utf8_unicode_ci NOT NULL DEFAULT 'No',
  `allow_braintree` enum('Yes','No') COLLATE utf8_unicode_ci NOT NULL DEFAULT 'No',
  `permission` text COLLATE utf8_unicode_ci,
  PRIMARY KEY (`invoices_id`),
  UNIQUE KEY `reference_no` (`reference_no`)
) ENGINE=InnoDB DEFAULT CHARSET=utf8 COLLATE=utf8_unicode_ci;

INSERT INTO `tbl_invoices` (`invoices_id`, `recur_start_date`, `recur_end_date`, `reference_no`, `client_id`, `due_date`, `notes`, `tax`, `discount`, `recurring`, `recuring_frequency`, `recur_frequency`, `recur_next_date`, `currency`, `status`, `archived`, `date_sent`, `inv_deleted`, `date_saved`, `emailed`, `show_client`, `viewed`, `allow_paypal`, `allow_stripe`, `allow_2checkout`, `allow_authorize`, `allow_ccavenue`, `allow_braintree`, `permission`) VALUES
(2,	'',	'',	'INV-0001',	2,	'2015-12-04',	'Thank you for <span >your</span> business.&nbsp;',	0.00,	0.00,	'No',	31,	NULL,	NULL,	'PKR',	'Unpaid',	0,	NULL,	'No',	'2015-12-12 18:47:06',	'No',	'Yes',	'No',	'No',	'No',	'No',	'No',	'No',	'No',	NULL),
(3,	'',	'',	'INV-0003',	3,	'2015-12-19',	'Thank you for <span >your</span> business. Please process this invoice within the due date.',	0.00,	0.00,	'No',	31,	NULL,	NULL,	'PKR',	'Unpaid',	0,	NULL,	'No',	'2015-12-19 17:43:11',	'No',	'Yes',	'No',	'No',	'No',	'No',	'No',	'No',	'No',	NULL),
(4,	'',	'',	'INV-0004',	4,	'2015-12-28',	'Thank you for <span >your</span> business. Please process this invoice within the due date.',	0.00,	0.00,	'No',	31,	NULL,	NULL,	'PKR',	'Unpaid',	0,	NULL,	'No',	'2015-12-28 12:00:49',	'No',	'Yes',	'No',	'No',	'No',	'No',	'No',	'No',	'No',	NULL),
(5,	'',	'',	'INV-0005',	4,	'2016-01-13',	'Thank you for <span >your</span> business. Please process this invoice within the due date.',	0.00,	0.00,	'No',	31,	NULL,	NULL,	'PKR',	'Unpaid',	0,	NULL,	'No',	'2016-01-14 06:40:47',	'No',	'Yes',	'No',	'No',	'No',	'No',	'No',	'No',	'No',	NULL),
(6,	'',	'',	'INV-0006',	5,	'2016-01-14',	'Thank you for <span >your</span> business. Please process this invoice within the due date.',	0.00,	0.00,	'No',	31,	NULL,	NULL,	'PKR',	'Unpaid',	0,	NULL,	'No',	'2016-01-14 06:43:19',	'No',	'Yes',	'No',	'No',	'No',	'No',	'No',	'No',	'No',	NULL),
(7,	'',	'',	'INV-0007',	6,	'2016-01-10',	'Thank you for <span >your</span> business. Please process this invoice within the due date.',	0.00,	0.00,	'No',	31,	NULL,	NULL,	'PKR',	'Unpaid',	0,	NULL,	'No',	'2016-01-14 09:57:20',	'No',	'Yes',	'No',	'No',	'No',	'No',	'No',	'No',	'No',	NULL),
(8,	'',	'',	'INV-0008',	7,	'2016-01-18',	'Thank you for <span >your</span> business. Please process this invoice within the due date.',	0.00,	0.00,	'No',	31,	NULL,	NULL,	'PKR',	'Unpaid',	0,	NULL,	'No',	'2016-01-18 07:13:58',	'No',	'Yes',	'No',	'No',	'No',	'No',	'No',	'No',	'No',	NULL),
(9,	'',	'',	'INV-0009',	8,	'2016-01-27',	'Thank you for <span >your</span> business. Please process this invoice within the due date.',	0.00,	0.00,	'No',	31,	NULL,	NULL,	'PKR',	'Unpaid',	0,	NULL,	'No',	'2016-02-01 16:50:24',	'No',	'Yes',	'No',	'No',	'No',	'No',	'No',	'No',	'No',	NULL),
(10,	'',	'',	'INV-0010',	9,	'2016-02-08',	'Thank you for <span >your</span> business. Please process this invoice within the due date.',	0.00,	0.00,	'No',	31,	NULL,	NULL,	'GBP',	'Unpaid',	0,	NULL,	'No',	'2016-02-08 13:02:47',	'No',	'Yes',	'No',	'No',	'No',	'No',	'No',	'No',	'No',	NULL),
(11,	'',	'',	'INV-0011',	8,	'2016-02-12',	'Thank you for <span >your</span> business. Please process this invoice within the due date.',	0.00,	0.00,	'No',	31,	NULL,	NULL,	'PKR',	'Unpaid',	0,	NULL,	'No',	'2016-02-12 06:56:04',	'No',	'Yes',	'No',	'No',	'No',	'No',	'No',	'No',	'No',	NULL),
(12,	'',	'',	'INV-0012',	11,	'2016-02-21',	'Thank you for <span >your</span> business. Please process this invoice within the due date.',	0.00,	0.00,	'No',	31,	NULL,	NULL,	'PKR',	'Unpaid',	0,	NULL,	'No',	'2016-02-24 10:42:59',	'No',	'Yes',	'No',	'No',	'No',	'No',	'No',	'No',	'No',	NULL),
(13,	'',	'',	'INV-0013',	4,	'2016-03-09',	'Thank you for <span >your</span> business. Please process this invoice within the due date.',	0.00,	0.00,	'No',	31,	NULL,	NULL,	'PKR',	'Unpaid',	0,	NULL,	'No',	'2016-03-12 11:07:04',	'No',	'Yes',	'No',	'No',	'No',	'No',	'No',	'No',	'No',	NULL),
(14,	'',	'',	'INV-0014',	4,	'2016-03-15',	'Thank you for <span >your</span> business. Please process this invoice within the due date.',	0.00,	0.00,	'No',	31,	NULL,	NULL,	'PKR',	'Unpaid',	0,	NULL,	'No',	'2016-03-15 06:43:57',	'No',	'Yes',	'No',	'No',	'No',	'No',	'No',	'No',	'No',	NULL),
(16,	'',	'',	'INV-0015',	4,	'2016-04-01',	'Thank you for <span >your</span> business. Please process this invoice within the due date.',	0.00,	0.00,	'No',	31,	NULL,	NULL,	'PKR',	'Unpaid',	0,	NULL,	'No',	'2016-04-01 05:53:15',	'No',	'Yes',	'No',	'No',	'No',	'No',	'No',	'No',	'No',	NULL),
(17,	'',	'',	'INV-0017',	5,	'2016-04-06',	'Thank you for <span >your</span> business. Please process this invoice within the due date.',	0.00,	0.00,	'No',	31,	NULL,	NULL,	'PKR',	'Unpaid',	0,	NULL,	'No',	'2016-04-06 07:22:15',	'No',	'Yes',	'No',	'No',	'No',	'No',	'No',	'No',	'No',	NULL),
(18,	'',	'',	'INV-0018',	9,	'2016-04-06',	'Thank you for <span >your</span> business. Please process this invoice within the due date.',	0.00,	0.00,	'No',	31,	NULL,	NULL,	'GBP',	'Unpaid',	0,	NULL,	'No',	'2016-04-06 12:17:17',	'No',	'Yes',	'No',	'No',	'No',	'No',	'No',	'No',	'No',	NULL),
(19,	'',	'',	'INV-0019',	12,	'2016-04-08',	'Thank you for <span >your</span> business. Please process this invoice within the due date.',	0.00,	0.00,	'No',	31,	NULL,	NULL,	'PKR',	'Unpaid',	0,	NULL,	'No',	'2016-04-08 10:26:35',	'No',	'Yes',	'No',	'No',	'No',	'No',	'No',	'No',	'No',	NULL),
(20,	'',	'',	'INV-0020',	13,	'2016-04-16',	'Thank you for <span >your</span> business. Please process this invoice within the due date.',	0.00,	0.00,	'No',	31,	NULL,	NULL,	'PKR',	'Unpaid',	0,	NULL,	'No',	'2016-04-16 10:19:54',	'No',	'Yes',	'No',	'No',	'No',	'No',	'No',	'No',	'No',	NULL),
(21,	'',	'',	'INV-0021',	14,	'2016-04-21',	'Thank you for <span >your</span> business. Please process this invoice within the due date.',	0.00,	0.00,	'No',	31,	NULL,	NULL,	'PKR',	'Unpaid',	0,	NULL,	'No',	'2016-04-21 07:18:59',	'No',	'Yes',	'No',	'No',	'No',	'No',	'No',	'No',	'No',	NULL),
(22,	'',	'',	'INV-0022',	15,	'2016-04-25',	'Thank you for <span >your</span> business. Please process this invoice within the due date.',	0.00,	0.00,	'No',	31,	NULL,	NULL,	'PKR',	'Unpaid',	0,	NULL,	'No',	'2016-04-25 10:45:41',	'No',	'Yes',	'No',	'No',	'No',	'No',	'No',	'No',	'No',	NULL),
(23,	'',	'',	'INV-0023',	16,	'2016-04-25',	'Thank you for <span >your</span> business. Please process this invoice within the due date.',	0.00,	0.00,	'No',	31,	NULL,	NULL,	'PKR',	'Unpaid',	0,	NULL,	'No',	'2016-04-25 11:16:46',	'No',	'Yes',	'No',	'No',	'No',	'No',	'No',	'No',	'No',	NULL),
(24,	'',	'',	'INV-0024',	17,	'2016-04-25',	'Thank you for <span >your</span> business. Please process this invoice within the due date.',	0.00,	0.00,	'No',	31,	NULL,	NULL,	'PKR',	'Unpaid',	0,	NULL,	'No',	'2016-04-25 11:17:31',	'No',	'Yes',	'No',	'No',	'No',	'No',	'No',	'No',	'No',	NULL),
(26,	'',	'',	'INV-0025',	18,	'2016-04-26',	'Thank you for <span >your</span> business. Please process this invoice within the due date.',	0.00,	0.00,	'No',	31,	NULL,	NULL,	'USD',	'Unpaid',	0,	NULL,	'No',	'2016-04-26 11:03:22',	'No',	'Yes',	'No',	'No',	'No',	'No',	'No',	'No',	'No',	NULL);

DROP TABLE IF EXISTS `tbl_items`;
CREATE TABLE `tbl_items` (
  `items_id` int(11) NOT NULL AUTO_INCREMENT,
  `invoices_id` int(11) NOT NULL,
  `item_tax_rate` decimal(10,2) NOT NULL DEFAULT '0.00',
  `item_tax_total` decimal(10,2) NOT NULL DEFAULT '0.00',
  `quantity` decimal(10,2) DEFAULT '0.00',
  `total_cost` decimal(10,2) DEFAULT '0.00',
  `item_name` varchar(255) COLLATE utf8_unicode_ci DEFAULT 'Item Name',
  `item_desc` longtext COLLATE utf8_unicode_ci,
  `unit_cost` decimal(10,2) DEFAULT '0.00',
  `item_order` int(11) DEFAULT '0',
  `date_saved` timestamp NOT NULL DEFAULT CURRENT_TIMESTAMP,
  PRIMARY KEY (`items_id`)
) ENGINE=InnoDB DEFAULT CHARSET=utf8 COLLATE=utf8_unicode_ci;

INSERT INTO `tbl_items` (`items_id`, `invoices_id`, `item_tax_rate`, `item_tax_total`, `quantity`, `total_cost`, `item_name`, `item_desc`, `unit_cost`, `item_order`, `date_saved`) VALUES
(1,	2,	0.00,	0.00,	1.00,	8000.00,	'AlbatoolQuran.com',	'Static Website + Domain + Hosting',	8000.00,	1,	'2015-12-12 18:47:37'),
(2,	3,	0.00,	0.00,	1.00,	10000.00,	'Domain + Hosting + Website',	'KhanKebab.co',	10000.00,	1,	'2015-12-19 17:43:44'),
(3,	4,	0.00,	0.00,	1.00,	56238.00,	'Received from CanadaWebServices.com',	'Received from CanadaWebServices.com',	56238.00,	1,	'2015-12-28 12:01:40'),
(4,	5,	0.00,	0.00,	1.00,	51004.00,	'Payments from Canada Web Services',	'Art Gallery Site',	51004.00,	2,	'2016-01-14 06:41:25'),
(5,	6,	0.00,	0.00,	1.00,	7192.00,	'From upwork',	'Massete changes',	7192.00,	1,	'2016-01-14 06:43:44'),
(6,	7,	0.00,	0.00,	1.00,	10000.00,	'Inaam Distribution Software',	'Inaam Distribution Software\nFirst Payment Received',	10000.00,	1,	'2016-01-14 09:58:12'),
(7,	8,	0.00,	0.00,	1.00,	1342.00,	'ecosurg.net',	'ecosurg.net',	1342.00,	1,	'2016-01-18 07:14:41'),
(8,	9,	0.00,	0.00,	1.00,	20000.00,	'Shehsaaz Website',	'http://shehersaaz.com/',	20000.00,	1,	'2016-02-01 16:51:21'),
(9,	10,	0.00,	0.00,	1.00,	480.00,	'eCommerce Website',	'https://www.inkcartridges.london/',	480.00,	1,	'2016-02-08 13:03:20'),
(10,	11,	0.00,	0.00,	1.00,	2000.00,	'Domain ',	'Century21.pk for 2 years',	2000.00,	3,	'2016-02-12 06:57:38'),
(11,	11,	0.00,	0.00,	1.00,	2000.00,	'Hosting',	'for 2 years',	2000.00,	1,	'2016-02-12 06:57:38'),
(12,	12,	0.00,	0.00,	1.00,	15000.00,	'Desktop Software for Shop',	'Desktop Software for Shop',	15000.00,	1,	'2016-02-24 10:43:28'),
(13,	13,	0.00,	0.00,	1.00,	50000.00,	'Payments from Canada Web Services',	'Received through PayPal',	50000.00,	1,	'2016-03-12 11:07:34'),
(14,	14,	0.00,	0.00,	1.00,	8200.00,	'Payments from Canada Web Services',	'From PayPal',	8200.00,	1,	'2016-03-15 06:44:26'),
(16,	16,	0.00,	0.00,	1.00,	54471.00,	'From Canada Web Services',	'From Canada Web Services',	54471.00,	1,	'2016-04-01 05:55:07'),
(17,	17,	0.00,	0.00,	1.00,	12300.00,	'Elance Payment for ebay template.',	'Payment from Elance',	12300.00,	1,	'2016-04-06 07:23:46'),
(18,	18,	0.00,	0.00,	1.00,	234.00,	'Data Entry',	'1170 Products added @ 20 products per hour.',	234.00,	1,	'2016-04-06 12:22:02'),
(19,	18,	0.00,	0.00,	1.00,	40.00,	'Modifications of Products and Categories',	'Added images, modified products descriptions, added extra options to products  - Total time: 10 hours',	40.00,	1,	'2016-04-06 12:22:02'),
(20,	18,	0.00,	0.00,	1.00,	40.00,	'Products Comparison',	'Generated Products Comparison Sheet - Total Time: 10 hours',	40.00,	1,	'2016-04-06 12:22:02'),
(21,	19,	0.00,	0.00,	1.00,	1100.00,	'Domain Transfer',	'justonereligion.com',	1100.00,	1,	'2016-04-08 10:26:58'),
(22,	20,	0.00,	0.00,	1.00,	46350.00,	'Website Development',	'NYDC Website Development',	46350.00,	1,	'2016-04-16 10:20:40'),
(23,	21,	0.00,	0.00,	1.00,	35000.00,	'Mobile Application',	'Mobile Application Development for Idara-tul-Mustafa',	35000.00,	1,	'2016-04-21 07:20:21'),
(24,	22,	0.00,	0.00,	1.00,	28000.00,	'Distributor Management Software',	'Software for Jhelum Traders',	28000.00,	2,	'2016-04-25 10:47:09'),
(25,	23,	0.00,	0.00,	1.00,	25000.00,	'CodeBite POS',	'Software for Hassan Optics',	25000.00,	1,	'2016-04-25 11:17:05'),
(26,	24,	0.00,	0.00,	1.00,	60000.00,	'Branch Management Software',	'Software for Master Celeste Centaurus Mall',	60000.00,	1,	'2016-04-25 11:18:24'),
(28,	26,	0.00,	0.00,	1.00,	280.00,	'www.sys-archi.com',	'Magento Theme Installation and Site Modifications',	280.00,	1,	'2016-04-26 11:03:56');

DROP TABLE IF EXISTS `tbl_languages`;
CREATE TABLE `tbl_languages` (
  `code` varchar(10) COLLATE utf8_unicode_ci NOT NULL,
  `name` varchar(45) COLLATE utf8_unicode_ci DEFAULT NULL,
  `icon` varchar(45) COLLATE utf8_unicode_ci DEFAULT NULL,
  `active` int(2) DEFAULT '0',
  PRIMARY KEY (`code`)
) ENGINE=InnoDB DEFAULT CHARSET=utf8 COLLATE=utf8_unicode_ci;

INSERT INTO `tbl_languages` (`code`, `name`, `icon`, `active`) VALUES
('en',	'english',	'us',	1);

DROP TABLE IF EXISTS `tbl_leads`;
CREATE TABLE `tbl_leads` (
  `leads_id` int(11) NOT NULL AUTO_INCREMENT,
  `lead_name` varchar(50) NOT NULL,
  `client_id` int(11) DEFAULT NULL,
  `company_name` varchar(255) NOT NULL,
  `address` text NOT NULL,
  `country` varchar(20) NOT NULL,
  `state` varchar(20) NOT NULL,
  `city` varchar(50) NOT NULL,
  `contact_name` varchar(255) NOT NULL,
  `title` varchar(255) NOT NULL,
  `email` varchar(255) NOT NULL,
  `phone` varchar(32) NOT NULL,
  `mobile` varchar(32) NOT NULL,
  `facebook` varchar(32) NOT NULL,
  `notes` text NOT NULL,
  `created_time` timestamp NOT NULL DEFAULT CURRENT_TIMESTAMP,
  `skype` varchar(200) NOT NULL,
  `twitter` varchar(100) NOT NULL,
  `permission` text,
  PRIMARY KEY (`leads_id`)
) ENGINE=InnoDB DEFAULT CHARSET=utf8;


DROP TABLE IF EXISTS `tbl_lead_source`;
CREATE TABLE `tbl_lead_source` (
  `lead_source_id` int(11) NOT NULL AUTO_INCREMENT,
  `lead_source` varchar(100) NOT NULL,
  PRIMARY KEY (`lead_source_id`)
) ENGINE=InnoDB DEFAULT CHARSET=utf8;


DROP TABLE IF EXISTS `tbl_lead_status`;
CREATE TABLE `tbl_lead_status` (
  `lead_status_id` int(11) NOT NULL AUTO_INCREMENT,
  `lead_status` varchar(50) NOT NULL,
  `lead_type` enum('open','close') NOT NULL,
  PRIMARY KEY (`lead_status_id`)
) ENGINE=InnoDB DEFAULT CHARSET=utf8;


DROP TABLE IF EXISTS `tbl_locales`;
CREATE TABLE `tbl_locales` (
  `locale` varchar(10) NOT NULL,
  `code` varchar(10) DEFAULT NULL,
  `language` varchar(100) DEFAULT NULL,
  `name` varchar(250) NOT NULL DEFAULT '',
  PRIMARY KEY (`locale`)
) ENGINE=InnoDB DEFAULT CHARSET=utf8;

INSERT INTO `tbl_locales` (`locale`, `code`, `language`, `name`) VALUES
('aa_DJ',	'aa',	'afar',	'Afar (Djibouti)'),
('aa_ER',	'aa',	'afar',	'Afar (Eritrea)'),
('aa_ET',	'aa',	'afar',	'Afar (Ethiopia)'),
('af_ZA',	'af',	'afrikaans',	'Afrikaans (South Africa)'),
('am_ET',	'am',	'amharic',	'Amharic (Ethiopia)'),
('an_ES',	'an',	'aragonese',	'Aragonese (Spain)'),
('ar_AE',	'ar',	'arabic',	'Arabic (United Arab Emirates)'),
('ar_BH',	'ar',	'arabic',	'Arabic (Bahrain)'),
('ar_DZ',	'ar',	'arabic',	'Arabic (Algeria)'),
('ar_EG',	'ar',	'arabic',	'Arabic (Egypt)'),
('ar_IN',	'ar',	'arabic',	'Arabic (India)'),
('ar_IQ',	'ar',	'arabic',	'Arabic (Iraq)'),
('ar_JO',	'ar',	'arabic',	'Arabic (Jordan)'),
('ar_KW',	'ar',	'arabic',	'Arabic (Kuwait)'),
('ar_LB',	'ar',	'arabic',	'Arabic (Lebanon)'),
('ar_LY',	'ar',	'arabic',	'Arabic (Libya)'),
('ar_MA',	'ar',	'arabic',	'Arabic (Morocco)'),
('ar_OM',	'ar',	'arabic',	'Arabic (Oman)'),
('ar_QA',	'ar',	'arabic',	'Arabic (Qatar)'),
('ar_SA',	'ar',	'arabic',	'Arabic (Saudi Arabia)'),
('ar_SD',	'ar',	'arabic',	'Arabic (Sudan)'),
('ar_SY',	'ar',	'arabic',	'Arabic (Syria)'),
('ar_TN',	'ar',	'arabic',	'Arabic (Tunisia)'),
('ar_YE',	'ar',	'arabic',	'Arabic (Yemen)'),
('ast_ES',	'ast',	'asturian',	'Asturian (Spain)'),
('as_IN',	'as',	'assamese',	'Assamese (India)'),
('az_AZ',	'az',	'azerbaijani',	'Azerbaijani (Azerbaijan)'),
('az_TR',	'az',	'azerbaijani',	'Azerbaijani (Turkey)'),
('bem_ZM',	'bem',	'bemba',	'Bemba (Zambia)'),
('ber_DZ',	'ber',	'berber',	'Berber (Algeria)'),
('ber_MA',	'ber',	'berber',	'Berber (Morocco)'),
('be_BY',	'be',	'belarusian',	'Belarusian (Belarus)'),
('bg_BG',	'bg',	'bulgarian',	'Bulgarian (Bulgaria)'),
('bn_BD',	'bn',	'bengali',	'Bengali (Bangladesh)'),
('bn_IN',	'bn',	'bengali',	'Bengali (India)'),
('bo_CN',	'bo',	'tibetan',	'Tibetan (China)'),
('bo_IN',	'bo',	'tibetan',	'Tibetan (India)'),
('br_FR',	'br',	'breton',	'Breton (France)'),
('bs_BA',	'bs',	'bosnian',	'Bosnian (Bosnia and Herzegovina)'),
('byn_ER',	'byn',	'blin',	'Blin (Eritrea)'),
('ca_AD',	'ca',	'catalan',	'Catalan (Andorra)'),
('ca_ES',	'ca',	'catalan',	'Catalan (Spain)'),
('ca_FR',	'ca',	'catalan',	'Catalan (France)'),
('ca_IT',	'ca',	'catalan',	'Catalan (Italy)'),
('crh_UA',	'crh',	'crimean turkish',	'Crimean Turkish (Ukraine)'),
('csb_PL',	'csb',	'kashubian',	'Kashubian (Poland)'),
('cs_CZ',	'cs',	'czech',	'Czech (Czech Republic)'),
('cv_RU',	'cv',	'chuvash',	'Chuvash (Russia)'),
('cy_GB',	'cy',	'welsh',	'Welsh (United Kingdom)'),
('da_DK',	'da',	'danish',	'Danish (Denmark)'),
('de_AT',	'de',	'german',	'German (Austria)'),
('de_BE',	'de',	'german',	'German (Belgium)'),
('de_CH',	'de',	'german',	'German (Switzerland)'),
('de_DE',	'de',	'german',	'German (Germany)'),
('de_LI',	'de',	'german',	'German (Liechtenstein)'),
('de_LU',	'de',	'german',	'German (Luxembourg)'),
('dv_MV',	'dv',	'divehi',	'Divehi (Maldives)'),
('dz_BT',	'dz',	'dzongkha',	'Dzongkha (Bhutan)'),
('ee_GH',	'ee',	'ewe',	'Ewe (Ghana)'),
('el_CY',	'el',	'greek',	'Greek (Cyprus)'),
('el_GR',	'el',	'greek',	'Greek (Greece)'),
('en_AG',	'en',	'english',	'English (Antigua and Barbuda)'),
('en_AS',	'en',	'english',	'English (American Samoa)'),
('en_AU',	'en',	'english',	'English (Australia)'),
('en_BW',	'en',	'english',	'English (Botswana)'),
('en_CA',	'en',	'english',	'English (Canada)'),
('en_DK',	'en',	'english',	'English (Denmark)'),
('en_GB',	'en',	'english',	'English (United Kingdom)'),
('en_GU',	'en',	'english',	'English (Guam)'),
('en_HK',	'en',	'english',	'English (Hong Kong SAR China)'),
('en_IE',	'en',	'english',	'English (Ireland)'),
('en_IN',	'en',	'english',	'English (India)'),
('en_JM',	'en',	'english',	'English (Jamaica)'),
('en_MH',	'en',	'english',	'English (Marshall Islands)'),
('en_MP',	'en',	'english',	'English (Northern Mariana Islands)'),
('en_MU',	'en',	'english',	'English (Mauritius)'),
('en_NG',	'en',	'english',	'English (Nigeria)'),
('en_NZ',	'en',	'english',	'English (New Zealand)'),
('en_PH',	'en',	'english',	'English (Philippines)'),
('en_SG',	'en',	'english',	'English (Singapore)'),
('en_TT',	'en',	'english',	'English (Trinidad and Tobago)'),
('en_US',	'en',	'english',	'English (United States)'),
('en_VI',	'en',	'english',	'English (Virgin Islands)'),
('en_ZA',	'en',	'english',	'English (South Africa)'),
('en_ZM',	'en',	'english',	'English (Zambia)'),
('en_ZW',	'en',	'english',	'English (Zimbabwe)'),
('eo',	'eo',	'esperanto',	'Esperanto'),
('es_AR',	'es',	'spanish',	'Spanish (Argentina)'),
('es_BO',	'es',	'spanish',	'Spanish (Bolivia)'),
('es_CL',	'es',	'spanish',	'Spanish (Chile)'),
('es_CO',	'es',	'spanish',	'Spanish (Colombia)'),
('es_CR',	'es',	'spanish',	'Spanish (Costa Rica)'),
('es_DO',	'es',	'spanish',	'Spanish (Dominican Republic)'),
('es_EC',	'es',	'spanish',	'Spanish (Ecuador)'),
('es_ES',	'es',	'spanish',	'Spanish (Spain)'),
('es_GT',	'es',	'spanish',	'Spanish (Guatemala)'),
('es_HN',	'es',	'spanish',	'Spanish (Honduras)'),
('es_MX',	'es',	'spanish',	'Spanish (Mexico)'),
('es_NI',	'es',	'spanish',	'Spanish (Nicaragua)'),
('es_PA',	'es',	'spanish',	'Spanish (Panama)'),
('es_PE',	'es',	'spanish',	'Spanish (Peru)'),
('es_PR',	'es',	'spanish',	'Spanish (Puerto Rico)'),
('es_PY',	'es',	'spanish',	'Spanish (Paraguay)'),
('es_SV',	'es',	'spanish',	'Spanish (El Salvador)'),
('es_US',	'es',	'spanish',	'Spanish (United States)'),
('es_UY',	'es',	'spanish',	'Spanish (Uruguay)'),
('es_VE',	'es',	'spanish',	'Spanish (Venezuela)'),
('et_EE',	'et',	'estonian',	'Estonian (Estonia)'),
('eu_ES',	'eu',	'basque',	'Basque (Spain)'),
('eu_FR',	'eu',	'basque',	'Basque (France)'),
('fa_AF',	'fa',	'persian',	'Persian (Afghanistan)'),
('fa_IR',	'fa',	'persian',	'Persian (Iran)'),
('ff_SN',	'ff',	'fulah',	'Fulah (Senegal)'),
('fil_PH',	'fil',	'filipino',	'Filipino (Philippines)'),
('fi_FI',	'fi',	'finnish',	'Finnish (Finland)'),
('fo_FO',	'fo',	'faroese',	'Faroese (Faroe Islands)'),
('fr_BE',	'fr',	'french',	'French (Belgium)'),
('fr_BF',	'fr',	'french',	'French (Burkina Faso)'),
('fr_BI',	'fr',	'french',	'French (Burundi)'),
('fr_BJ',	'fr',	'french',	'French (Benin)'),
('fr_CA',	'fr',	'french',	'French (Canada)'),
('fr_CF',	'fr',	'french',	'French (Central African Republic)'),
('fr_CG',	'fr',	'french',	'French (Congo)'),
('fr_CH',	'fr',	'french',	'French (Switzerland)'),
('fr_CM',	'fr',	'french',	'French (Cameroon)'),
('fr_FR',	'fr',	'french',	'French (France)'),
('fr_GA',	'fr',	'french',	'French (Gabon)'),
('fr_GN',	'fr',	'french',	'French (Guinea)'),
('fr_GP',	'fr',	'french',	'French (Guadeloupe)'),
('fr_GQ',	'fr',	'french',	'French (Equatorial Guinea)'),
('fr_KM',	'fr',	'french',	'French (Comoros)'),
('fr_LU',	'fr',	'french',	'French (Luxembourg)'),
('fr_MC',	'fr',	'french',	'French (Monaco)'),
('fr_MG',	'fr',	'french',	'French (Madagascar)'),
('fr_ML',	'fr',	'french',	'French (Mali)'),
('fr_MQ',	'fr',	'french',	'French (Martinique)'),
('fr_NE',	'fr',	'french',	'French (Niger)'),
('fr_SN',	'fr',	'french',	'French (Senegal)'),
('fr_TD',	'fr',	'french',	'French (Chad)'),
('fr_TG',	'fr',	'french',	'French (Togo)'),
('fur_IT',	'fur',	'friulian',	'Friulian (Italy)'),
('fy_DE',	'fy',	'western frisian',	'Western Frisian (Germany)'),
('fy_NL',	'fy',	'western frisian',	'Western Frisian (Netherlands)'),
('ga_IE',	'ga',	'irish',	'Irish (Ireland)'),
('gd_GB',	'gd',	'scottish gaelic',	'Scottish Gaelic (United Kingdom)'),
('gez_ER',	'gez',	'geez',	'Geez (Eritrea)'),
('gez_ET',	'gez',	'geez',	'Geez (Ethiopia)'),
('gl_ES',	'gl',	'galician',	'Galician (Spain)'),
('gu_IN',	'gu',	'gujarati',	'Gujarati (India)'),
('gv_GB',	'gv',	'manx',	'Manx (United Kingdom)'),
('ha_NG',	'ha',	'hausa',	'Hausa (Nigeria)'),
('he_IL',	'he',	'hebrew',	'Hebrew (Israel)'),
('hi_IN',	'hi',	'hindi',	'Hindi (India)'),
('hr_HR',	'hr',	'croatian',	'Croatian (Croatia)'),
('hsb_DE',	'hsb',	'upper sorbian',	'Upper Sorbian (Germany)'),
('ht_HT',	'ht',	'haitian',	'Haitian (Haiti)'),
('hu_HU',	'hu',	'hungarian',	'Hungarian (Hungary)'),
('hy_AM',	'hy',	'armenian',	'Armenian (Armenia)'),
('ia',	'ia',	'interlingua',	'Interlingua'),
('id_ID',	'id',	'indonesian',	'Indonesian (Indonesia)'),
('ig_NG',	'ig',	'igbo',	'Igbo (Nigeria)'),
('ik_CA',	'ik',	'inupiaq',	'Inupiaq (Canada)'),
('is_IS',	'is',	'icelandic',	'Icelandic (Iceland)'),
('it_CH',	'it',	'italian',	'Italian (Switzerland)'),
('it_IT',	'it',	'italian',	'Italian (Italy)'),
('iu_CA',	'iu',	'inuktitut',	'Inuktitut (Canada)'),
('ja_JP',	'ja',	'japanese',	'Japanese (Japan)'),
('ka_GE',	'ka',	'georgian',	'Georgian (Georgia)'),
('kk_KZ',	'kk',	'kazakh',	'Kazakh (Kazakhstan)'),
('kl_GL',	'kl',	'kalaallisut',	'Kalaallisut (Greenland)'),
('km_KH',	'km',	'khmer',	'Khmer (Cambodia)'),
('kn_IN',	'kn',	'kannada',	'Kannada (India)'),
('kok_IN',	'kok',	'konkani',	'Konkani (India)'),
('ko_KR',	'ko',	'korean',	'Korean (South Korea)'),
('ks_IN',	'ks',	'kashmiri',	'Kashmiri (India)'),
('ku_TR',	'ku',	'kurdish',	'Kurdish (Turkey)'),
('kw_GB',	'kw',	'cornish',	'Cornish (United Kingdom)'),
('ky_KG',	'ky',	'kirghiz',	'Kirghiz (Kyrgyzstan)'),
('lg_UG',	'lg',	'ganda',	'Ganda (Uganda)'),
('li_BE',	'li',	'limburgish',	'Limburgish (Belgium)'),
('li_NL',	'li',	'limburgish',	'Limburgish (Netherlands)'),
('lo_LA',	'lo',	'lao',	'Lao (Laos)'),
('lt_LT',	'lt',	'lithuanian',	'Lithuanian (Lithuania)'),
('lv_LV',	'lv',	'latvian',	'Latvian (Latvia)'),
('mai_IN',	'mai',	'maithili',	'Maithili (India)'),
('mg_MG',	'mg',	'malagasy',	'Malagasy (Madagascar)'),
('mi_NZ',	'mi',	'maori',	'Maori (New Zealand)'),
('mk_MK',	'mk',	'macedonian',	'Macedonian (Macedonia)'),
('ml_IN',	'ml',	'malayalam',	'Malayalam (India)'),
('mn_MN',	'mn',	'mongolian',	'Mongolian (Mongolia)'),
('mr_IN',	'mr',	'marathi',	'Marathi (India)'),
('ms_BN',	'ms',	'malay',	'Malay (Brunei)'),
('ms_MY',	'ms',	'malay',	'Malay (Malaysia)'),
('mt_MT',	'mt',	'maltese',	'Maltese (Malta)'),
('my_MM',	'my',	'burmese',	'Burmese (Myanmar)'),
('naq_NA',	'naq',	'namibia',	'Namibia'),
('nb_NO',	'nb',	'norwegian bokmål',	'Norwegian Bokmål (Norway)'),
('nds_DE',	'nds',	'low german',	'Low German (Germany)'),
('nds_NL',	'nds',	'low german',	'Low German (Netherlands)'),
('ne_NP',	'ne',	'nepali',	'Nepali (Nepal)'),
('nl_AW',	'nl',	'dutch',	'Dutch (Aruba)'),
('nl_BE',	'nl',	'dutch',	'Dutch (Belgium)'),
('nl_NL',	'nl',	'dutch',	'Dutch (Netherlands)'),
('nn_NO',	'nn',	'norwegian nynorsk',	'Norwegian Nynorsk (Norway)'),
('no_NO',	'no',	'norwegian',	'Norwegian (Norway)'),
('nr_ZA',	'nr',	'south ndebele',	'South Ndebele (South Africa)'),
('nso_ZA',	'nso',	'northern sotho',	'Northern Sotho (South Africa)'),
('oc_FR',	'oc',	'occitan',	'Occitan (France)'),
('om_ET',	'om',	'oromo',	'Oromo (Ethiopia)'),
('om_KE',	'om',	'oromo',	'Oromo (Kenya)'),
('or_IN',	'or',	'oriya',	'Oriya (India)'),
('os_RU',	'os',	'ossetic',	'Ossetic (Russia)'),
('pap_AN',	'pap',	'papiamento',	'Papiamento (Netherlands Antilles)'),
('pa_IN',	'pa',	'punjabi',	'Punjabi (India)'),
('pa_PK',	'pa',	'punjabi',	'Punjabi (Pakistan)'),
('pl_PL',	'pl',	'polish',	'Polish (Poland)'),
('ps_AF',	'ps',	'pashto',	'Pashto (Afghanistan)'),
('pt_BR',	'pt',	'portuguese',	'Portuguese (Brazil)'),
('pt_GW',	'pt',	'portuguese',	'Portuguese (Guinea-Bissau)'),
('pt_PT',	'pt',	'portuguese',	'Portuguese (Portugal)'),
('ro_MD',	'ro',	'romanian',	'Romanian (Moldova)'),
('ro_RO',	'ro',	'romanian',	'Romanian (Romania)'),
('ru_RU',	'ru',	'russian',	'Russian (Russia)'),
('ru_UA',	'ru',	'russian',	'Russian (Ukraine)'),
('rw_RW',	'rw',	'kinyarwanda',	'Kinyarwanda (Rwanda)'),
('sa_IN',	'sa',	'sanskrit',	'Sanskrit (India)'),
('sc_IT',	'sc',	'sardinian',	'Sardinian (Italy)'),
('sd_IN',	'sd',	'sindhi',	'Sindhi (India)'),
('seh_MZ',	'seh',	'sena',	'Sena (Mozambique)'),
('se_NO',	'se',	'northern sami',	'Northern Sami (Norway)'),
('sid_ET',	'sid',	'sidamo',	'Sidamo (Ethiopia)'),
('si_LK',	'si',	'sinhala',	'Sinhala (Sri Lanka)'),
('sk_SK',	'sk',	'slovak',	'Slovak (Slovakia)'),
('sl_SI',	'sl',	'slovenian',	'Slovenian (Slovenia)'),
('sn_ZW',	'sn',	'shona',	'Shona (Zimbabwe)'),
('so_DJ',	'so',	'somali',	'Somali (Djibouti)'),
('so_ET',	'so',	'somali',	'Somali (Ethiopia)'),
('so_KE',	'so',	'somali',	'Somali (Kenya)'),
('so_SO',	'so',	'somali',	'Somali (Somalia)'),
('sq_AL',	'sq',	'albanian',	'Albanian (Albania)'),
('sq_MK',	'sq',	'albanian',	'Albanian (Macedonia)'),
('sr_BA',	'sr',	'serbian',	'Serbian (Bosnia and Herzegovina)'),
('sr_ME',	'sr',	'serbian',	'Serbian (Montenegro)'),
('sr_RS',	'sr',	'serbian',	'Serbian (Serbia)'),
('ss_ZA',	'ss',	'swati',	'Swati (South Africa)'),
('st_ZA',	'st',	'southern sotho',	'Southern Sotho (South Africa)'),
('sv_FI',	'sv',	'swedish',	'Swedish (Finland)'),
('sv_SE',	'sv',	'swedish',	'Swedish (Sweden)'),
('sw_KE',	'sw',	'swahili',	'Swahili (Kenya)'),
('sw_TZ',	'sw',	'swahili',	'Swahili (Tanzania)'),
('ta_IN',	'ta',	'tamil',	'Tamil (India)'),
('teo_UG',	'teo',	'teso',	'Teso (Uganda)'),
('te_IN',	'te',	'telugu',	'Telugu (India)'),
('tg_TJ',	'tg',	'tajik',	'Tajik (Tajikistan)'),
('th_TH',	'th',	'thai',	'Thai (Thailand)'),
('tig_ER',	'tig',	'tigre',	'Tigre (Eritrea)'),
('ti_ER',	'ti',	'tigrinya',	'Tigrinya (Eritrea)'),
('ti_ET',	'ti',	'tigrinya',	'Tigrinya (Ethiopia)'),
('tk_TM',	'tk',	'turkmen',	'Turkmen (Turkmenistan)'),
('tl_PH',	'tl',	'tagalog',	'Tagalog (Philippines)'),
('tn_ZA',	'tn',	'tswana',	'Tswana (South Africa)'),
('to_TO',	'to',	'tongan',	'Tongan (Tonga)'),
('tr_CY',	'tr',	'turkish',	'Turkish (Cyprus)'),
('tr_TR',	'tr',	'turkish',	'Turkish (Turkey)'),
('ts_ZA',	'ts',	'tsonga',	'Tsonga (South Africa)'),
('tt_RU',	'tt',	'tatar',	'Tatar (Russia)'),
('ug_CN',	'ug',	'uighur',	'Uighur (China)'),
('uk_UA',	'uk',	'ukrainian',	'Ukrainian (Ukraine)'),
('ur_PK',	'ur',	'urdu',	'Urdu (Pakistan)'),
('uz_UZ',	'uz',	'uzbek',	'Uzbek (Uzbekistan)'),
('ve_ZA',	've',	'venda',	'Venda (South Africa)'),
('vi_VN',	'vi',	'vietnamese',	'Vietnamese (Vietnam)'),
('wa_BE',	'wa',	'walloon',	'Walloon (Belgium)'),
('wo_SN',	'wo',	'wolof',	'Wolof (Senegal)'),
('xh_ZA',	'xh',	'xhosa',	'Xhosa (South Africa)'),
('yi_US',	'yi',	'yiddish',	'Yiddish (United States)'),
('yo_NG',	'yo',	'yoruba',	'Yoruba (Nigeria)'),
('zh_CN',	'zh',	'chinese',	'Chinese (China)'),
('zh_HK',	'zh',	'chinese',	'Chinese (Hong Kong SAR China)'),
('zh_SG',	'zh',	'chinese',	'Chinese (Singapore)'),
('zh_TW',	'zh',	'chinese',	'Chinese (Taiwan)'),
('zu_ZA',	'zu',	'zulu',	'Zulu (South Africa)');

DROP TABLE IF EXISTS `tbl_menu`;
CREATE TABLE `tbl_menu` (
  `menu_id` int(11) NOT NULL AUTO_INCREMENT,
  `label` varchar(100) NOT NULL,
  `link` varchar(100) NOT NULL,
  `icon` varchar(100) NOT NULL,
  `parent` int(11) NOT NULL DEFAULT '0',
  `sort` int(11) NOT NULL,
  PRIMARY KEY (`menu_id`)
) ENGINE=InnoDB DEFAULT CHARSET=utf8;

INSERT INTO `tbl_menu` (`menu_id`, `label`, `link`, `icon`, `parent`, `sort`) VALUES
(1,	'dashboard',	'admin/dashboard',	'fa fa-dashboard',	0,	1),
(4,	'client',	'admin/client/manage_client',	'fa fa-users',	0,	4),
(5,	'mailbox',	'admin/mailbox',	'fa fa-envelope-o',	0,	5),
(6,	'tickets',	'#',	'fa fa-ticket',	0,	6),
(7,	'all_tickets',	'admin/tickets',	'fa fa-ticket',	6,	5),
(8,	'answered',	'admin/tickets/answered',	'fa fa-circle-o',	6,	1),
(9,	'open',	'admin/tickets/open',	'fa fa-circle-o',	6,	2),
(10,	'in_progress',	'admin/tickets/in_progress',	'fa fa-circle-o',	6,	3),
(11,	'closed',	'admin/tickets/closed',	'fa fa-circle-o',	6,	4),
(12,	'sales',	'#',	'fa fa-shopping-cart',	0,	3),
(13,	'invoice',	'admin/invoice/manage_invoice',	'fa fa-circle-o',	12,	1),
(14,	'estimates',	'admin/estimates',	'fa fa-circle-o',	12,	3),
(15,	'payments_received',	'admin/invoice/all_payments',	'fa fa-circle-o',	12,	3),
(16,	'tax_rates',	'admin/invoice/tax_rates',	'fa fa-circle-o',	12,	4),
(21,	'quotations',	'#',	'fa fa-paste',	0,	9),
(22,	'quotations',	'admin/quotations',	'fa fa-circle-o',	21,	1),
(23,	'quotations_form',	'admin/quotations/quotations_form',	'fa fa-circle-o',	21,	2),
(24,	'user',	'admin/user/user_list',	'fa fa-users',	0,	10),
(25,	'settings',	'admin/settings',	'fa fa-cogs',	0,	11),
(26,	'database_backup',	'admin/settings/database_backup',	'fa fa-database',	0,	12),
(29,	'transactions',	'#',	'fa fa-building-o',	0,	2),
(30,	'deposit',	'admin/transactions/deposit',	'fa fa-circle-o',	29,	1),
(31,	'expense',	'admin/transactions/expense',	'fa fa-circle-o',	29,	2),
(32,	'transfer',	'admin/transactions/transfer',	'fa fa-circle-o',	29,	3),
(33,	'transactions_report',	'admin/transactions/transactions_report',	'fa fa-circle-o',	29,	4),
(34,	'balance_sheet',	'admin/transactions/balance_sheet',	'fa fa-circle-o',	29,	6),
(36,	'bank_cash',	'admin/account/manage_account',	'fa fa-money',	0,	7),
(39,	'items',	'admin/items/items_list',	'fa fa-cube',	0,	8),
(42,	'report',	'#',	'fa fa-bar-chart',	0,	9),
(43,	'account_statement',	'admin/report/account_statement',	'fa fa-circle-o',	42,	1),
(44,	'income_report',	'admin/report/income_report',	'fa fa-circle-o',	42,	2),
(45,	'expense_report',	'admin/report/expense_report',	'fa fa-circle-o',	42,	3),
(46,	'income_expense',	'admin/report/income_expense',	'fa fa-circle-o',	42,	4),
(47,	'date_wise_report',	'admin/report/date_wise_report',	'fa fa-circle-o',	42,	5),
(48,	'all_income',	'admin/report/all_income',	'fa fa-circle-o',	42,	7),
(49,	'all_expense',	'admin/report/all_expense',	'fa fa-circle-o',	42,	7),
(50,	'all_transaction',	'admin/report/all_transaction',	'fa fa-circle-o',	42,	8),
(51,	'recurring_invoice',	'admin/invoice/recurring_invoice',	'fa fa-circle-o',	12,	2),
(52,	'transfer_report',	'admin/transactions/transfer_report',	'fa fa-circle-o',	29,	5),
(53,	'report_by_month',	'admin/report/report_by_month',	'fa fa-circle-o',	42,	6),
(54,	'tasks',	'admin/tasks/all_task',	'fa fa-tasks',	0,	4),
(55,	'leads',	'admin/leads',	'fa fa-rocket',	0,	4),
(60,	'tasks_report',	'admin/report/tasks_report',	'fa fa-circle-o',	42,	2),
(62,	'tickets_report',	'admin/report/tickets_report',	'fa fa-circle-o',	42,	4),
(63,	'client_report',	'admin/report/client_report',	'fa fa-circle-o',	42,	5);

DROP TABLE IF EXISTS `tbl_mettings`;
CREATE TABLE `tbl_mettings` (
  `mettings_id` int(11) NOT NULL AUTO_INCREMENT,
  `leads_id` int(11) NOT NULL,
  `meeting_subject` varchar(200) NOT NULL,
  `attendees` varchar(300) NOT NULL,
  `user_id` int(11) NOT NULL,
  `start_date` varchar(100) NOT NULL,
  `end_date` varchar(100) NOT NULL,
  `location` varchar(100) NOT NULL,
  `description` text NOT NULL,
  PRIMARY KEY (`mettings_id`)
) ENGINE=InnoDB DEFAULT CHARSET=latin1;


DROP TABLE IF EXISTS `tbl_online_payment`;
CREATE TABLE `tbl_online_payment` (
  `online_payment_id` int(11) NOT NULL AUTO_INCREMENT,
  `gateway_name` varchar(20) NOT NULL,
  `icon` text NOT NULL,
  PRIMARY KEY (`online_payment_id`)
) ENGINE=InnoDB DEFAULT CHARSET=latin1;

INSERT INTO `tbl_online_payment` (`online_payment_id`, `gateway_name`, `icon`) VALUES
(1,	'paypal',	'paypal.png'),
(2,	'Stripe',	'stripe.jpg'),
(3,	'2checkout',	'2checkout.jpg'),
(4,	'Authorize.net',	'Authorizenet.png'),
(5,	'CCAvenue',	'CCAvenue.jpg'),
(6,	'Braintree',	'Braintree.png');

DROP TABLE IF EXISTS `tbl_payments`;
CREATE TABLE `tbl_payments` (
  `payments_id` int(11) NOT NULL AUTO_INCREMENT,
  `invoices_id` int(11) NOT NULL,
  `trans_id` varchar(64) COLLATE utf8_unicode_ci DEFAULT NULL,
  `payer_email` varchar(100) COLLATE utf8_unicode_ci DEFAULT NULL,
  `payment_method` varchar(64) COLLATE utf8_unicode_ci DEFAULT NULL,
  `amount` longtext COLLATE utf8_unicode_ci,
  `currency` varchar(64) COLLATE utf8_unicode_ci DEFAULT 'USD',
  `notes` varchar(255) COLLATE utf8_unicode_ci DEFAULT NULL,
  `payment_date` varchar(32) COLLATE utf8_unicode_ci DEFAULT NULL,
  `month_paid` varchar(32) COLLATE utf8_unicode_ci DEFAULT NULL,
  `year_paid` varchar(32) COLLATE utf8_unicode_ci DEFAULT NULL,
  `paid_by` int(11) NOT NULL,
  `created_date` timestamp NOT NULL DEFAULT CURRENT_TIMESTAMP,
  PRIMARY KEY (`payments_id`)
) ENGINE=InnoDB DEFAULT CHARSET=utf8 COLLATE=utf8_unicode_ci;

INSERT INTO `tbl_payments` (`payments_id`, `invoices_id`, `trans_id`, `payer_email`, `payment_method`, `amount`, `currency`, `notes`, `payment_date`, `month_paid`, `year_paid`, `paid_by`, `created_date`) VALUES
(1,	2,	'639996',	NULL,	'2',	'8000',	'₨',	'Received by Shoaib',	'2015-12-04',	'12',	'2015',	2,	'2015-12-12 18:48:35'),
(2,	3,	'169524',	NULL,	'2',	'10000',	'₨',	'',	'2015-12-19',	'12',	'2015',	3,	'2015-12-19 17:48:09'),
(3,	4,	'877361',	NULL,	'3',	'56238',	'₨',	'',	'2015-12-28',	'12',	'2015',	4,	'2015-12-28 12:01:54'),
(4,	5,	'522186',	NULL,	'1',	'51004',	'₨',	'',	'2016-01-13',	'01',	'2016',	4,	'2016-01-14 06:42:00'),
(5,	6,	'272527',	NULL,	'1',	'7192',	'₨',	'',	'2016-01-14',	'01',	'2016',	5,	'2016-01-14 06:43:52'),
(6,	7,	'936572',	NULL,	'1',	'10000',	'₨',	'',	'2016-01-10',	'01',	'2016',	6,	'2016-01-14 09:58:32'),
(7,	8,	'867612',	NULL,	'3',	'1342',	'₨',	'',	'2016-01-18',	'01',	'2016',	7,	'2016-01-18 07:14:55'),
(8,	9,	'412389',	NULL,	'2',	'20000',	'₨',	'',	'2016-02-01',	'02',	'2016',	8,	'2016-02-01 16:52:55'),
(9,	10,	'321171',	NULL,	'2',	'200',	'£',	'',	'2015-12-20',	'12',	'2015',	9,	'2016-02-08 13:03:53'),
(10,	10,	'886671',	NULL,	'3',	'280',	'₨',	'',	'2016-02-19',	'02',	'2016',	9,	'2016-02-19 10:25:42'),
(11,	12,	'518449',	NULL,	'2',	'15000',	'₨',	'',	'2016-02-21',	'02',	'2016',	11,	'2016-02-24 10:45:19'),
(12,	13,	'475346',	NULL,	'1',	'50000',	'₨',	'',	'2016-03-09',	'03',	'2016',	4,	'2016-03-12 11:07:51'),
(13,	14,	'219474',	NULL,	'1',	'8200',	'₨',	'',	'2016-03-15',	'03',	'2016',	4,	'2016-03-15 06:44:42'),
(15,	11,	'124676',	NULL,	'2',	'4000',	'₨',	'',	'2016-03-24',	'03',	'2016',	8,	'2016-03-24 06:36:17'),
(16,	16,	'896277',	NULL,	'2',	'54471',	'₨',	'50K Received by Amer\nRest amount received by Rehan',	'2016-04-01',	'04',	'2016',	4,	'2016-04-01 05:57:05'),
(17,	17,	'563881',	NULL,	'1',	'12300',	'₨',	'',	'2016-04-06',	'04',	'2016',	5,	'2016-04-06 07:24:09'),
(18,	19,	'691134',	NULL,	'1',	'1100',	'₨',	'',	'2016-04-08',	'04',	'2016',	12,	'2016-04-08 10:27:03'),
(19,	20,	'567765',	NULL,	'1',	'46350',	'₨',	'',	'2016-04-16',	'04',	'2016',	13,	'2016-04-16 10:21:13'),
(20,	18,	'161822',	NULL,	'1',	'282',	'₨',	'',	'2016-04-16',	'04',	'2016',	9,	'2016-04-16 10:24:51'),
(21,	21,	'349272',	NULL,	'2',	'10000',	'₨',	'',	'2016-04-21',	'04',	'2016',	14,	'2016-04-21 07:21:46'),
(22,	22,	'879975',	NULL,	'2',	'28000',	'₨',	'',	'2016-04-25',	'04',	'2016',	15,	'2016-04-25 10:48:01'),
(23,	24,	'884753',	NULL,	'2',	'10000',	'₨',	'',	'2016-04-25',	'04',	'2016',	17,	'2016-04-25 11:18:32'),
(25,	26,	'327583',	NULL,	'6',	'100',	'$',	'',	'2016-04-26',	'04',	'2016',	18,	'2016-04-26 11:04:13');

DROP TABLE IF EXISTS `tbl_payment_methods`;
CREATE TABLE `tbl_payment_methods` (
  `payment_methods_id` int(11) NOT NULL AUTO_INCREMENT,
  `method_name` varchar(64) NOT NULL DEFAULT 'Paypal',
  PRIMARY KEY (`payment_methods_id`)
) ENGINE=InnoDB DEFAULT CHARSET=utf8;

INSERT INTO `tbl_payment_methods` (`payment_methods_id`, `method_name`) VALUES
(1,	'Online'),
(2,	'Cash'),
(3,	'Bank Deposit'),
(5,	'Cheque'),
(6,	'PayPal');

DROP TABLE IF EXISTS `tbl_priorities`;
CREATE TABLE `tbl_priorities` (
  `priority` varchar(200) COLLATE utf8_unicode_ci DEFAULT NULL
) ENGINE=MyISAM DEFAULT CHARSET=utf8 COLLATE=utf8_unicode_ci;

INSERT INTO `tbl_priorities` (`priority`) VALUES
('Low'),
('Medium'),
('High');

DROP TABLE IF EXISTS `tbl_private_message_send`;
CREATE TABLE `tbl_private_message_send` (
  `private_message_send_id` int(11) NOT NULL AUTO_INCREMENT,
  `send_user_id` int(11) NOT NULL,
  `receive_user_id` int(11) NOT NULL,
  `message` text NOT NULL,
  `message_time` timestamp NOT NULL DEFAULT CURRENT_TIMESTAMP,
  PRIMARY KEY (`private_message_send_id`)
) ENGINE=InnoDB DEFAULT CHARSET=utf8;

INSERT INTO `tbl_private_message_send` (`private_message_send_id`, `send_user_id`, `receive_user_id`, `message`, `message_time`) VALUES
(1,	1,	3,	'Hi',	'2015-12-11 20:24:23'),
(2,	3,	1,	'Hello',	'2016-01-05 10:05:06');

DROP TABLE IF EXISTS `tbl_quotationforms`;
CREATE TABLE `tbl_quotationforms` (
  `quotationforms_id` int(11) NOT NULL AUTO_INCREMENT,
  `quotationforms_title` varchar(200) NOT NULL,
  `quotationforms_code` text NOT NULL,
  `quotationforms_status` varchar(20) NOT NULL DEFAULT 'enabled' COMMENT 'enabled/disabled',
  `quotations_created_by_id` int(11) NOT NULL,
  `quotationforms_date_created` timestamp NOT NULL DEFAULT CURRENT_TIMESTAMP,
  PRIMARY KEY (`quotationforms_id`)
) ENGINE=MyISAM DEFAULT CHARSET=utf8;


DROP TABLE IF EXISTS `tbl_quotations`;
CREATE TABLE `tbl_quotations` (
  `quotations_id` int(11) NOT NULL AUTO_INCREMENT,
  `quotations_form_title` varchar(250) NOT NULL,
  `user_id` int(11) DEFAULT NULL,
  `client_id` int(11) DEFAULT NULL,
  `name` varchar(100) DEFAULT NULL,
  `email` varchar(100) DEFAULT NULL,
  `mobile` varchar(100) DEFAULT NULL,
  `quotations_amount` decimal(10,2) DEFAULT NULL,
  `notes` text,
  `reviewer_id` int(11) DEFAULT NULL,
  `reviewed_date` date DEFAULT NULL,
  `quotations_date` timestamp NOT NULL DEFAULT CURRENT_TIMESTAMP,
  `quotations_status` varchar(15) DEFAULT 'pending' COMMENT 'completed/pending',
  PRIMARY KEY (`quotations_id`)
) ENGINE=MyISAM DEFAULT CHARSET=utf8;


DROP TABLE IF EXISTS `tbl_quotation_details`;
CREATE TABLE `tbl_quotation_details` (
  `quotation_details_id` int(11) NOT NULL AUTO_INCREMENT,
  `quotations_id` int(11) NOT NULL,
  `quotation_form_data` text,
  `quotation_data` text,
  PRIMARY KEY (`quotation_details_id`)
) ENGINE=MyISAM DEFAULT CHARSET=utf8;


DROP TABLE IF EXISTS `tbl_saved_items`;
CREATE TABLE `tbl_saved_items` (
  `saved_items_id` int(11) NOT NULL AUTO_INCREMENT,
  `item_name` varchar(200) COLLATE utf8_unicode_ci DEFAULT 'Item Name',
  `item_desc` longtext COLLATE utf8_unicode_ci,
  `unit_cost` decimal(10,2) DEFAULT '0.00',
  `item_tax_rate` decimal(10,2) DEFAULT '0.00',
  `item_tax_total` decimal(10,2) DEFAULT '0.00',
  `quantity` decimal(10,2) DEFAULT '0.00',
  `total_cost` decimal(10,2) DEFAULT '0.00',
  PRIMARY KEY (`saved_items_id`)
) ENGINE=InnoDB DEFAULT CHARSET=utf8 COLLATE=utf8_unicode_ci;


DROP TABLE IF EXISTS `tbl_sent`;
CREATE TABLE `tbl_sent` (
  `sent_id` int(11) NOT NULL AUTO_INCREMENT,
  `user_id` int(11) NOT NULL,
  `to` varchar(100) NOT NULL,
  `subject` varchar(300) NOT NULL,
  `message_body` text NOT NULL,
  `attach_file` varchar(200) DEFAULT NULL,
  `attach_file_path` text,
  `attach_filename` text,
  `message_time` datetime NOT NULL,
  `deleted` enum('Yes','No') NOT NULL DEFAULT 'No',
  PRIMARY KEY (`sent_id`)
) ENGINE=InnoDB DEFAULT CHARSET=utf8;

INSERT INTO `tbl_sent` (`sent_id`, `user_id`, `to`, `subject`, `message_body`, `attach_file`, `attach_file_path`, `attach_filename`, `message_time`, `deleted`) VALUES
(1,	1,	'nayeem.edu01@gmail.com',	'Test',	'<p>Hello&nbsp;</p>\n\n<p>&nbsp;</p>\n\n<p>How are you?</p>\n\n<p>&nbsp;</p>\n\n<p>Regards</p>\n',	NULL,	NULL,	NULL,	'2015-12-13 00:19:33',	'No'),
(2,	1,	'amer@codebite.pk',	'Test',	'<p>Hello</p>\n\n<p>&nbsp;</p>\n\n<p>&nbsp;</p>\n\n<p>How are you?</p>\n\n<p>&nbsp;</p>\n\n<p>&nbsp;</p>\n\n<p>Regards</p>\n',	NULL,	NULL,	NULL,	'2015-12-13 00:24:53',	'No'),
(3,	3,	'amer@codebite.pk',	'Test',	'<p>Hello</p>\n',	NULL,	NULL,	NULL,	'2015-12-14 12:12:37',	'No');

DROP TABLE IF EXISTS `tbl_status`;
CREATE TABLE `tbl_status` (
  `status_id` int(11) NOT NULL AUTO_INCREMENT,
  `status` varchar(200) NOT NULL,
  PRIMARY KEY (`status_id`)
) ENGINE=MyISAM DEFAULT CHARSET=utf8;

INSERT INTO `tbl_status` (`status_id`, `status`) VALUES
(1,	'answered'),
(2,	'closed'),
(3,	'open'),
(5,	'in_progress');

DROP TABLE IF EXISTS `tbl_task`;
CREATE TABLE `tbl_task` (
  `task_id` int(5) NOT NULL AUTO_INCREMENT,
  `task_name` varchar(200) NOT NULL,
  `task_description` text NOT NULL,
  `task_start_date` date NOT NULL,
  `due_date` date NOT NULL,
  `task_created_date` timestamp NOT NULL DEFAULT CURRENT_TIMESTAMP ON UPDATE CURRENT_TIMESTAMP,
  `task_status` varchar(30) DEFAULT NULL,
  `task_progress` int(2) NOT NULL,
  `task_hour` varchar(10) NOT NULL,
  `tasks_notes` text,
  `leads_id` int(11) DEFAULT NULL,
  `bug_id` int(11) DEFAULT NULL,
  `created_by` int(11) DEFAULT NULL,
  `permission` text,
  `client_visible` varchar(5) DEFAULT NULL,
  PRIMARY KEY (`task_id`)
) ENGINE=InnoDB DEFAULT CHARSET=utf8;


DROP TABLE IF EXISTS `tbl_tasks_timer`;
CREATE TABLE `tbl_tasks_timer` (
  `tasks_timer_id` int(11) NOT NULL AUTO_INCREMENT,
  `task_id` int(11) NOT NULL,
  `user_id` int(11) DEFAULT NULL,
  `start_time` varchar(64) COLLATE utf8_unicode_ci DEFAULT NULL,
  `end_time` varchar(64) COLLATE utf8_unicode_ci DEFAULT NULL,
  `date_timed` timestamp NOT NULL DEFAULT CURRENT_TIMESTAMP,
  `reason` text CHARACTER SET utf8,
  `edited_by` int(11) DEFAULT NULL,
  `project_id` int(11) DEFAULT NULL,
  PRIMARY KEY (`tasks_timer_id`)
) ENGINE=InnoDB DEFAULT CHARSET=utf8 COLLATE=utf8_unicode_ci;


DROP TABLE IF EXISTS `tbl_task_attachment`;
CREATE TABLE `tbl_task_attachment` (
  `task_attachment_id` int(5) NOT NULL AUTO_INCREMENT,
  `task_id` int(5) NOT NULL,
  `user_id` int(11) DEFAULT NULL,
  `title` varchar(200) NOT NULL,
  `description` text NOT NULL,
  `upload_time` timestamp NULL DEFAULT CURRENT_TIMESTAMP ON UPDATE CURRENT_TIMESTAMP,
  PRIMARY KEY (`task_attachment_id`)
) ENGINE=InnoDB DEFAULT CHARSET=utf8;


DROP TABLE IF EXISTS `tbl_task_comment`;
CREATE TABLE `tbl_task_comment` (
  `task_comment_id` int(5) NOT NULL AUTO_INCREMENT,
  `task_id` int(5) NOT NULL,
  `user_id` int(11) DEFAULT NULL,
  `employee_id` int(11) DEFAULT NULL,
  `comment` text NOT NULL,
  `comment_datetime` timestamp NOT NULL DEFAULT CURRENT_TIMESTAMP ON UPDATE CURRENT_TIMESTAMP,
  PRIMARY KEY (`task_comment_id`)
) ENGINE=InnoDB DEFAULT CHARSET=utf8;


DROP TABLE IF EXISTS `tbl_task_uploaded_files`;
CREATE TABLE `tbl_task_uploaded_files` (
  `uploaded_files_id` int(11) NOT NULL AUTO_INCREMENT,
  `task_attachment_id` int(11) NOT NULL,
  `files` text NOT NULL,
  `uploaded_path` text NOT NULL,
  `file_name` text NOT NULL,
  `size` int(10) NOT NULL,
  `ext` varchar(100) NOT NULL,
  `is_image` int(2) NOT NULL,
  `image_width` int(5) NOT NULL,
  `image_height` int(5) NOT NULL,
  PRIMARY KEY (`uploaded_files_id`)
) ENGINE=InnoDB DEFAULT CHARSET=utf8;


DROP TABLE IF EXISTS `tbl_tax_rates`;
CREATE TABLE `tbl_tax_rates` (
  `tax_rates_id` int(11) NOT NULL AUTO_INCREMENT,
  `tax_rate_name` varchar(25) COLLATE utf8_unicode_ci NOT NULL DEFAULT '0',
  `tax_rate_percent` decimal(10,2) NOT NULL DEFAULT '0.00',
  `permission` text COLLATE utf8_unicode_ci,
  KEY `Index 1` (`tax_rates_id`)
) ENGINE=InnoDB DEFAULT CHARSET=utf8 COLLATE=utf8_unicode_ci;


DROP TABLE IF EXISTS `tbl_tickets`;
CREATE TABLE `tbl_tickets` (
  `tickets_id` int(10) NOT NULL AUTO_INCREMENT,
  `ticket_code` varchar(32) DEFAULT NULL,
  `subject` varchar(200) CHARACTER SET utf8 COLLATE utf8_unicode_ci DEFAULT NULL,
  `body` text,
  `status` varchar(200) DEFAULT NULL,
  `departments_id` int(11) DEFAULT NULL,
  `reporter` int(10) DEFAULT '0',
  `priority` varchar(50) DEFAULT NULL,
  `upload_file` text,
  `comment` text CHARACTER SET utf8 COLLATE utf8_unicode_ci,
  `created` timestamp NOT NULL DEFAULT CURRENT_TIMESTAMP,
  `permission` text,
  PRIMARY KEY (`tickets_id`)
) ENGINE=MyISAM DEFAULT CHARSET=utf8;


DROP TABLE IF EXISTS `tbl_tickets_replies`;
CREATE TABLE `tbl_tickets_replies` (
  `tickets_replies_id` int(10) NOT NULL AUTO_INCREMENT,
  `tickets_id` bigint(10) DEFAULT NULL,
  `body` text COLLATE utf8_unicode_ci,
  `replier` varchar(200) COLLATE utf8_unicode_ci DEFAULT NULL,
  `replierid` int(10) DEFAULT NULL,
  `attachment` text COLLATE utf8_unicode_ci,
  `time` timestamp NOT NULL DEFAULT CURRENT_TIMESTAMP ON UPDATE CURRENT_TIMESTAMP,
  PRIMARY KEY (`tickets_replies_id`)
) ENGINE=MyISAM DEFAULT CHARSET=utf8 COLLATE=utf8_unicode_ci;


DROP TABLE IF EXISTS `tbl_todo`;
CREATE TABLE `tbl_todo` (
  `todo_id` int(11) NOT NULL AUTO_INCREMENT,
  `title` longtext COLLATE utf8_unicode_ci NOT NULL,
  `user_id` longtext COLLATE utf8_unicode_ci NOT NULL,
  `status` int(11) NOT NULL DEFAULT '0',
  `order` int(11) NOT NULL,
  PRIMARY KEY (`todo_id`)
) ENGINE=InnoDB DEFAULT CHARSET=utf8 COLLATE=utf8_unicode_ci;


DROP TABLE IF EXISTS `tbl_transactions`;
CREATE TABLE `tbl_transactions` (
  `transactions_id` int(11) NOT NULL AUTO_INCREMENT,
  `account_id` int(11) NOT NULL,
  `type` enum('Income','Expense','Transfer') NOT NULL,
  `category_id` int(11) NOT NULL,
  `amount` decimal(18,2) NOT NULL,
  `paid_by` int(11) NOT NULL DEFAULT '0',
  `payment_methods_id` int(11) NOT NULL,
  `reference` varchar(200) NOT NULL,
  `status` enum('Cleared','Uncleared','Reconciled','Void') NOT NULL DEFAULT 'Cleared',
  `notes` text NOT NULL,
  `tags` text NOT NULL,
  `tax` decimal(18,2) NOT NULL DEFAULT '0.00',
  `date` date NOT NULL,
  `debit` decimal(18,2) NOT NULL DEFAULT '0.00',
  `credit` decimal(18,2) NOT NULL DEFAULT '0.00',
  `total_balance` decimal(18,2) NOT NULL DEFAULT '0.00',
  `transfer_id` int(11) NOT NULL DEFAULT '0',
  `permission` text,
  PRIMARY KEY (`transactions_id`)
) ENGINE=InnoDB DEFAULT CHARSET=utf8;

INSERT INTO `tbl_transactions` (`transactions_id`, `account_id`, `type`, `category_id`, `amount`, `paid_by`, `payment_methods_id`, `reference`, `status`, `notes`, `tags`, `tax`, `date`, `debit`, `credit`, `total_balance`, `transfer_id`, `permission`) VALUES
(1,	2,	'Expense',	0,	9000.00,	0,	2,	'',	'Cleared',	'Purchased Desktop PC for company',	'',	0.00,	'2015-12-08',	9000.00,	0.00,	89936.00,	0,	NULL),
(2,	1,	'Expense',	0,	2142.00,	0,	1,	'',	'Cleared',	'Paid for Android News App',	'',	0.00,	'2015-12-12',	2142.00,	0.00,	107986.00,	0,	NULL),
(3,	1,	'Expense',	0,	40000.00,	0,	2,	'',	'Cleared',	'Raja Amer Khan Salary for November 2015',	'',	0.00,	'2015-12-01',	40000.00,	0.00,	67986.00,	0,	NULL),
(4,	2,	'Expense',	0,	40000.00,	0,	1,	'',	'Cleared',	'Rehaan Farooq Salary for November 2015',	'',	0.00,	'2015-12-12',	40000.00,	0.00,	49936.00,	0,	NULL),
(5,	3,	'Income',	0,	8000.00,	2,	2,	'',	'Cleared',	'Cash received for AlbatoolQuran.com',	'',	0.00,	'2015-12-04',	0.00,	8000.00,	5800.00,	0,	NULL),
(6,	1,	'Expense',	0,	4200.00,	0,	0,	'',	'Cleared',	'Shoaib November 2015 Salary Adjustments',	'',	0.00,	'2015-12-13',	4200.00,	0.00,	63786.00,	0,	NULL),
(7,	3,	'Expense',	0,	5800.00,	0,	0,	'',	'Cleared',	'Shoaib November 2015 Salary Adjustments + Paid 2200 due for Lahore trip',	'',	0.00,	'2015-12-13',	5800.00,	0.00,	0.00,	0,	NULL),
(8,	1,	'Expense',	0,	4283.60,	0,	1,	'',	'Cleared',	'Paid for Accounting Application for CodeBite',	'',	0.00,	'2015-12-11',	4283.60,	0.00,	59502.40,	0,	NULL),
(9,	1,	'Income',	0,	5000.00,	3,	2,	'',	'Cleared',	'Received half payment for KhanKebab',	'',	0.00,	'2015-12-19',	0.00,	5000.00,	64502.40,	0,	NULL),
(10,	2,	'Income',	0,	5000.00,	3,	2,	'',	'Cleared',	'Received half payment for KhanKebab',	'',	0.00,	'2015-12-19',	0.00,	5000.00,	54936.00,	0,	NULL),
(11,	1,	'Expense',	0,	948.38,	0,	1,	'',	'Cleared',	'Paid for KhanKebab.co domain',	'',	0.00,	'2015-12-14',	948.38,	0.00,	63554.02,	0,	NULL),
(12,	2,	'Expense',	0,	3000.00,	0,	3,	'',	'Cleared',	'Paid Office Rent December',	'',	0.00,	'2015-12-24',	3000.00,	0.00,	51936.00,	0,	NULL),
(13,	1,	'Expense',	0,	2360.00,	0,	1,	'',	'Cleared',	'PTCL Bill for Nov 2015',	'',	0.00,	'2015-12-26',	2360.00,	0.00,	61194.02,	0,	NULL),
(14,	1,	'Expense',	0,	6285.00,	0,	1,	'',	'Cleared',	'VPS Server purchased from HostOnARope.com',	'',	0.00,	'2015-12-26',	6285.00,	0.00,	54909.02,	0,	NULL),
(15,	1,	'Expense',	0,	240.00,	0,	0,	'',	'Cleared',	'Tea expenses',	'',	0.00,	'2015-12-28',	240.00,	0.00,	54669.02,	0,	NULL),
(16,	1,	'Income',	0,	56238.00,	4,	0,	'',	'Cleared',	'',	'',	0.00,	'2015-12-28',	0.00,	56238.00,	110907.02,	0,	NULL),
(18,	2,	'Expense',	0,	450.00,	0,	2,	'',	'Cleared',	'For Noor Burgers',	'',	0.00,	'2015-12-29',	450.00,	0.00,	51486.00,	0,	NULL),
(19,	1,	'Expense',	0,	8300.00,	0,	1,	'',	'Cleared',	'1. Theme purchased from Envato\n2. SSL certificate purchased for CanadaWebServices.com\n3. 1GB RAM purchased for VPS Server',	'',	0.00,	'2015-12-29',	8300.00,	0.00,	102607.02,	0,	NULL),
(20,	1,	'Expense',	0,	1500.00,	0,	2,	'',	'Cleared',	'Food for Mashood Meeting',	'',	0.00,	'2015-12-19',	1500.00,	0.00,	101107.02,	0,	NULL),
(21,	1,	'Expense',	0,	180.00,	0,	2,	'',	'Cleared',	'Tea expenses',	'',	0.00,	'2015-12-30',	180.00,	0.00,	100927.02,	0,	NULL),
(22,	1,	'Expense',	0,	700.00,	0,	2,	'',	'Cleared',	'Paid for office chair wheels',	'',	0.00,	'2015-12-31',	700.00,	0.00,	100227.02,	0,	NULL),
(23,	1,	'Expense',	0,	40000.00,	0,	3,	'',	'Cleared',	'Raja Amer Khan Salary for December 2015',	'',	0.00,	'2016-01-05',	40000.00,	0.00,	60227.02,	0,	NULL),
(24,	2,	'Expense',	0,	40000.00,	0,	3,	'',	'Cleared',	'Rehaan Farooq Salary for December 2015',	'',	0.00,	'2016-01-05',	40000.00,	0.00,	11486.00,	0,	NULL),
(25,	2,	'Expense',	0,	6000.00,	0,	2,	'',	'Cleared',	'Saad Salary for December 2015',	'',	0.00,	'2016-01-05',	6000.00,	0.00,	5486.00,	0,	NULL),
(26,	2,	'Expense',	0,	220.00,	0,	2,	'',	'Cleared',	'Daily Tea Expenses',	'',	0.00,	'2016-01-05',	220.00,	0.00,	5266.00,	0,	NULL),
(27,	2,	'Expense',	0,	3000.00,	0,	3,	'',	'Cleared',	'Rent for January 2016',	'',	0.00,	'2016-01-06',	3000.00,	0.00,	2266.00,	0,	NULL),
(28,	2,	'Expense',	0,	320.00,	0,	2,	'',	'Cleared',	'Tea Expenses',	'',	0.00,	'2016-01-09',	320.00,	0.00,	1946.00,	0,	NULL),
(29,	2,	'Income',	0,	51004.00,	4,	6,	'',	'Cleared',	'PayPal Payment Received ',	'',	0.00,	'2016-01-13',	0.00,	51004.00,	52950.00,	0,	NULL),
(30,	2,	'Income',	0,	7192.00,	0,	0,	'Elance',	'Cleared',	'Elance Payment',	'',	0.00,	'2016-01-13',	0.00,	7192.00,	60142.00,	0,	NULL),
(31,	1,	'Expense',	0,	4240.00,	0,	1,	'',	'Cleared',	'Purchased 2 HTML5 templates for Art Gallery',	'',	0.00,	'2016-01-14',	4240.00,	0.00,	55987.02,	0,	NULL),
(32,	3,	'Income',	0,	10000.00,	6,	2,	'',	'Cleared',	'',	'',	0.00,	'2016-01-10',	0.00,	10000.00,	10000.00,	0,	NULL),
(33,	3,	'Expense',	0,	10000.00,	0,	0,	'',	'Cleared',	'Shoaib Salary Dec 15.',	'',	0.00,	'2016-01-10',	10000.00,	0.00,	0.00,	0,	NULL),
(34,	1,	'Income',	0,	1342.00,	7,	0,	'',	'Cleared',	'Payment received for ecosurg.net',	'',	0.00,	'2016-01-18',	0.00,	1342.00,	57329.02,	0,	NULL),
(35,	2,	'Expense',	0,	360.00,	0,	2,	'',	'Cleared',	'Tea expenses',	'',	0.00,	'2016-01-14',	360.00,	0.00,	59782.00,	0,	NULL),
(36,	2,	'Expense',	0,	320.00,	0,	2,	'',	'Cleared',	'Tea Expenses',	'',	0.00,	'2016-01-19',	320.00,	0.00,	59462.00,	0,	NULL),
(37,	1,	'Expense',	0,	5769.00,	0,	2,	'',	'Cleared',	'Classifieds site theme + tea expenses',	'',	0.00,	'2016-01-23',	5769.00,	0.00,	51560.02,	0,	NULL),
(38,	2,	'Expense',	0,	3400.00,	0,	2,	'',	'Cleared',	'Electricity charges from Oct to Dec 85 x 40',	'',	0.00,	'2016-01-23',	3400.00,	0.00,	56062.00,	0,	NULL),
(39,	1,	'Expense',	0,	2320.00,	0,	1,	'',	'Cleared',	'PTCL Bill for December 2015',	'',	0.00,	'2016-01-23',	2320.00,	0.00,	49240.02,	0,	NULL),
(40,	2,	'Income',	0,	20000.00,	8,	2,	'',	'Cleared',	'http://shehersaaz.com/ Website Payment',	'',	0.00,	'2016-01-27',	0.00,	20000.00,	76062.00,	0,	NULL),
(41,	2,	'Expense',	0,	8000.00,	0,	2,	'',	'Cleared',	'Saad Salary ',	'',	0.00,	'2016-02-01',	8000.00,	0.00,	68062.00,	0,	NULL),
(42,	2,	'Income',	0,	43040.00,	5,	1,	'',	'Cleared',	'Upwork Payment',	'',	0.00,	'2016-02-01',	0.00,	43040.00,	111102.00,	0,	NULL),
(43,	1,	'Expense',	0,	40000.00,	0,	3,	'',	'Cleared',	'Amer salary for January 2016',	'',	0.00,	'2016-02-01',	40000.00,	0.00,	9240.02,	0,	NULL),
(44,	1,	'Expense',	0,	300.00,	0,	2,	'',	'Cleared',	'Tea expenses',	'',	0.00,	'2016-02-01',	300.00,	0.00,	8940.02,	0,	NULL),
(45,	2,	'Expense',	0,	40000.00,	0,	3,	'',	'Cleared',	'Rehan Salary for January 2016',	'',	0.00,	'2016-02-01',	40000.00,	0.00,	71102.00,	0,	NULL),
(46,	2,	'Expense',	0,	3000.00,	0,	3,	'',	'Cleared',	'Office Rent for February 2016',	'',	0.00,	'2016-02-01',	3000.00,	0.00,	68102.00,	0,	NULL),
(47,	1,	'Expense',	0,	2055.00,	0,	1,	'',	'Cleared',	'Paid for Century21.pk domain',	'',	0.00,	'2016-02-12',	2055.00,	0.00,	6885.02,	0,	NULL),
(48,	2,	'Expense',	0,	18000.00,	0,	1,	'',	'Cleared',	'Transferred to Shoaib for Mirpur Client',	'',	0.00,	'2016-02-12',	18000.00,	0.00,	50102.00,	0,	NULL),
(49,	2,	'Income',	0,	49435.00,	0,	1,	'',	'Cleared',	'Payment received from PayPal',	'',	0.00,	'2016-02-12',	0.00,	49435.00,	99537.00,	0,	NULL),
(50,	2,	'Expense',	0,	340.00,	0,	2,	'',	'Cleared',	'Tea expenses',	'',	0.00,	'2016-02-15',	340.00,	0.00,	99197.00,	0,	NULL),
(51,	1,	'Income',	0,	41720.00,	9,	3,	'',	'Cleared',	'Remaining payment received from Mr. Marjan',	'',	0.00,	'2016-02-19',	0.00,	41720.00,	48605.02,	0,	NULL),
(52,	1,	'Income',	0,	15000.00,	11,	2,	'',	'Cleared',	'Amount received from Amjad for Desktop software for his shop',	'',	0.00,	'2016-02-21',	0.00,	15000.00,	63605.02,	0,	NULL),
(53,	1,	'Expense',	0,	200.00,	0,	2,	'',	'Cleared',	'Tea Expenses',	'',	0.00,	'2016-03-02',	200.00,	0.00,	63405.02,	0,	NULL),
(54,	1,	'Expense',	0,	2350.00,	0,	2,	'',	'Cleared',	'PTCL bill paid',	'',	0.00,	'2016-03-02',	2350.00,	0.00,	61055.02,	0,	NULL),
(55,	2,	'Expense',	0,	40000.00,	0,	2,	'',	'Cleared',	'Salary for Feb 2016',	'',	0.00,	'2016-03-03',	40000.00,	0.00,	59197.00,	0,	NULL),
(56,	1,	'Expense',	0,	40000.00,	0,	2,	'',	'Cleared',	'Amer Salary for February 2016',	'',	0.00,	'2016-03-03',	40000.00,	0.00,	21055.02,	0,	NULL),
(57,	2,	'Expense',	0,	500.00,	0,	2,	'',	'Cleared',	'Tea Expenses',	'',	0.00,	'2016-03-08',	500.00,	0.00,	58697.00,	0,	NULL),
(58,	1,	'Expense',	0,	2060.00,	0,	2,	'',	'Cleared',	'Paid for Table + 1 Tissue Box',	'',	0.00,	'2016-03-08',	2060.00,	0.00,	18995.02,	0,	NULL),
(59,	1,	'Expense',	0,	7000.00,	0,	1,	'',	'Cleared',	'Paid for Eli theme + SSL Certificate for Ahmad',	'',	0.00,	'2016-03-08',	7000.00,	0.00,	11995.02,	0,	NULL),
(60,	1,	'Income',	0,	50000.00,	4,	1,	'',	'Cleared',	'Payment received from PayPal',	'',	0.00,	'2016-03-09',	0.00,	50000.00,	61995.02,	0,	NULL),
(61,	1,	'Expense',	0,	12060.00,	0,	1,	'',	'Cleared',	'For Eli Plugins - Wholesale Suite Plugins',	'',	0.00,	'2016-03-11',	12060.00,	0.00,	49935.02,	0,	NULL),
(62,	1,	'Expense',	0,	4000.00,	0,	2,	'',	'Cleared',	'Remaining payment for Tables',	'',	0.00,	'2016-03-12',	4000.00,	0.00,	45935.02,	0,	NULL),
(63,	1,	'Expense',	0,	5000.00,	0,	2,	'',	'Cleared',	'Donation to Wall of Kindness',	'',	0.00,	'2016-03-12',	5000.00,	0.00,	40935.02,	0,	NULL),
(64,	2,	'Expense',	0,	1500.00,	0,	2,	'',	'Cleared',	'Zong 4G Internet Charges',	'',	0.00,	'2016-03-14',	1500.00,	0.00,	57197.00,	0,	NULL),
(65,	2,	'Income',	0,	8200.00,	4,	2,	'',	'Cleared',	'Payments from PayPal',	'',	0.00,	'2016-03-15',	0.00,	8200.00,	65397.00,	0,	NULL),
(66,	2,	'Expense',	0,	6670.00,	0,	2,	'',	'Cleared',	'Office Shifting Expenses',	'',	0.00,	'2016-03-23',	6670.00,	0.00,	58727.00,	0,	NULL),
(67,	1,	'Expense',	0,	1570.00,	0,	2,	'',	'Cleared',	'Office shifting expenses!',	'',	0.00,	'2016-03-23',	1570.00,	0.00,	39365.02,	0,	NULL),
(68,	1,	'Expense',	0,	6330.00,	0,	1,	'',	'Cleared',	'WordPress Theme for DavidTomlin',	'',	0.00,	'2016-03-23',	6330.00,	0.00,	33035.02,	0,	NULL),
(69,	2,	'Income',	0,	4000.00,	8,	2,	'',	'Cleared',	'Amount received from Khuram Bargat',	'',	0.00,	'2016-03-24',	0.00,	4000.00,	62727.00,	0,	NULL),
(70,	2,	'Expense',	0,	600.00,	0,	2,	'',	'Cleared',	'PTCL Wire Changed',	'',	0.00,	'2016-03-26',	600.00,	0.00,	62127.00,	0,	NULL),
(71,	2,	'Expense',	0,	100.00,	0,	2,	'',	'Cleared',	'Tea Expenses',	'',	0.00,	'2016-03-26',	100.00,	0.00,	62027.00,	0,	NULL),
(72,	2,	'Expense',	0,	3000.00,	0,	2,	'',	'Cleared',	'Rent for Office',	'',	0.00,	'2016-03-24',	3000.00,	0.00,	59027.00,	0,	NULL),
(73,	2,	'Expense',	0,	400.00,	0,	2,	'',	'Cleared',	'Tea + Biscuits',	'',	0.00,	'2016-03-30',	400.00,	0.00,	58627.00,	0,	NULL),
(74,	1,	'Expense',	0,	3170.00,	0,	2,	'',	'Cleared',	'2 Brochures purchased for Hamza Nagree',	'',	0.00,	'2016-03-30',	3170.00,	0.00,	29865.02,	0,	NULL),
(75,	1,	'Income',	0,	50000.00,	4,	2,	'',	'Cleared',	'Received from CanadaWebServices',	'',	0.00,	'2016-04-01',	0.00,	50000.00,	79865.02,	0,	NULL),
(76,	2,	'Income',	0,	4471.00,	4,	3,	'',	'Cleared',	'Received from CanadaWebServices',	'',	0.00,	'2016-04-01',	0.00,	4471.00,	63098.00,	0,	NULL),
(77,	2,	'Expense',	0,	40000.00,	0,	1,	'',	'Cleared',	'Amer Salary for March 2016',	'',	0.00,	'2016-04-01',	40000.00,	0.00,	23098.00,	0,	NULL),
(78,	1,	'Expense',	0,	40000.00,	0,	1,	'',	'Cleared',	'Rehan Salary for March 2016',	'',	0.00,	'2016-04-01',	40000.00,	0.00,	39865.02,	0,	NULL),
(79,	1,	'Expense',	0,	10000.00,	0,	2,	'',	'Cleared',	'Adnan Salary for March 2016',	'',	0.00,	'2016-04-01',	10000.00,	0.00,	29865.02,	0,	NULL),
(80,	2,	'Expense',	0,	10000.00,	0,	2,	'',	'Cleared',	'Adnan Salary for March 2016',	'',	0.00,	'2016-04-01',	10000.00,	0.00,	13098.00,	0,	NULL),
(81,	1,	'Expense',	0,	2360.00,	0,	1,	'',	'Cleared',	'PTCL bill paid',	'',	0.00,	'2016-04-01',	2360.00,	0.00,	27505.02,	0,	NULL),
(82,	1,	'Expense',	0,	6341.00,	0,	1,	'',	'Cleared',	'Purchased Business Affairs theme',	'',	0.00,	'2016-04-01',	6341.00,	0.00,	21164.02,	0,	NULL),
(83,	1,	'Expense',	0,	650.00,	0,	0,	'',	'Cleared',	'Food Expense',	'',	0.00,	'2016-04-06',	650.00,	0.00,	20514.02,	0,	NULL),
(84,	2,	'Expense',	0,	1290.00,	0,	2,	'',	'Cleared',	'Tea + Office Cleaning Tools ',	'',	0.00,	'2016-04-06',	1290.00,	0.00,	11808.00,	0,	NULL),
(85,	2,	'Expense',	0,	6000.00,	0,	2,	'',	'Cleared',	'Office Rent May 2015.',	'',	0.00,	'2016-04-06',	6000.00,	0.00,	5808.00,	0,	NULL),
(86,	2,	'Income',	0,	12300.00,	5,	1,	'',	'Cleared',	'From Elance!',	'',	0.00,	'2016-04-06',	0.00,	12300.00,	18108.00,	0,	NULL),
(87,	1,	'Income',	0,	1100.00,	12,	3,	'',	'Cleared',	'Domain Transferred: justonereligion.com',	'',	0.00,	'2016-04-08',	0.00,	1100.00,	21614.02,	0,	NULL),
(88,	2,	'Expense',	0,	3179.00,	0,	2,	'',	'Cleared',	'Tea + Cleaning + Books Donation \n\n-1959 Books',	'',	0.00,	'2016-04-16',	3179.00,	0.00,	14929.00,	0,	NULL),
(89,	2,	'Transfer',	0,	19000.00,	0,	2,	'',	'Cleared',	'Cash received.',	'',	0.00,	'2016-04-16',	0.00,	19000.00,	33929.00,	1,	NULL),
(90,	1,	'Transfer',	0,	19000.00,	0,	2,	'',	'Cleared',	'Cash received.',	'',	0.00,	'2016-04-16',	19000.00,	0.00,	2614.02,	1,	NULL),
(91,	2,	'Expense',	0,	8432.00,	0,	1,	'',	'Cleared',	'Paid for Isacc Theme',	'',	0.00,	'2016-04-16',	8432.00,	0.00,	25497.00,	0,	NULL),
(92,	2,	'Income',	0,	46350.00,	13,	2,	'',	'Cleared',	'NYDC Website',	'',	0.00,	'2016-04-16',	0.00,	46350.00,	71847.00,	0,	NULL),
(93,	2,	'Income',	0,	29600.00,	9,	3,	'',	'Cleared',	'Marjan Payment Received ',	'',	0.00,	'2016-04-16',	0.00,	29600.00,	101447.00,	0,	NULL),
(94,	2,	'Expense',	0,	22000.00,	0,	0,	'',	'Cleared',	'Paid to dasktech for data entry work',	'',	0.00,	'2016-04-16',	22000.00,	0.00,	79447.00,	0,	NULL),
(95,	2,	'Expense',	0,	1500.00,	0,	1,	'',	'Cleared',	'Zong Device Internet Package',	'',	0.00,	'2016-04-16',	1500.00,	0.00,	77947.00,	0,	NULL),
(96,	2,	'Expense',	0,	17000.00,	0,	2,	'',	'Cleared',	'Dispenser and Oven\n5800+11200',	'',	0.00,	'2016-04-22',	17000.00,	0.00,	60947.00,	0,	NULL),
(97,	2,	'Expense',	0,	500.00,	0,	2,	'',	'Cleared',	'Paid to Cleaner',	'',	0.00,	'2016-04-22',	500.00,	0.00,	60447.00,	0,	NULL),
(98,	1,	'Transfer',	0,	10.00,	0,	2,	'',	'Cleared',	'',	'',	0.00,	'2016-04-22',	0.00,	10.00,	2624.02,	2,	NULL),
(99,	2,	'Transfer',	0,	10.00,	0,	2,	'',	'Cleared',	'',	'',	0.00,	'2016-04-22',	10.00,	0.00,	60437.00,	2,	NULL),
(100,	1,	'Transfer',	0,	10000.00,	0,	2,	'',	'Cleared',	'Cash',	'',	0.00,	'2016-04-22',	0.00,	10000.00,	12624.02,	3,	NULL),
(101,	2,	'Transfer',	0,	10000.00,	0,	2,	'',	'Cleared',	'Cash',	'',	0.00,	'2016-04-22',	10000.00,	0.00,	50437.00,	3,	NULL),
(102,	2,	'Expense',	0,	1400.00,	0,	2,	'',	'Cleared',	'Office Expenses\n\n',	'',	0.00,	'2016-04-22',	1400.00,	0.00,	49037.00,	0,	NULL),
(103,	1,	'Expense',	0,	4556.00,	0,	1,	'',	'Cleared',	'Paid for Zeeshan Dasktech.net GoDaddy Hosting',	'',	0.00,	'2016-04-25',	4556.00,	0.00,	8068.02,	0,	NULL),
(104,	2,	'Income',	0,	25000.00,	15,	2,	'',	'Cleared',	'Amount received from Jhelum Traders',	'',	0.00,	'2016-04-25',	0.00,	25000.00,	74037.00,	0,	NULL),
(105,	3,	'Income',	0,	10000.00,	17,	2,	'',	'Cleared',	'Payment received from Master Celeste',	'',	0.00,	'2016-04-25',	0.00,	10000.00,	10000.00,	0,	NULL),
(106,	3,	'Expense',	0,	10000.00,	0,	1,	'',	'Cleared',	'Shoaib Salary for April 2016',	'',	0.00,	'2016-04-25',	10000.00,	0.00,	0.00,	0,	NULL);

DROP TABLE IF EXISTS `tbl_transfer`;
CREATE TABLE `tbl_transfer` (
  `transfer_id` int(11) NOT NULL AUTO_INCREMENT,
  `to_account_id` int(11) NOT NULL,
  `from_account_id` int(11) NOT NULL,
  `amount` decimal(18,2) NOT NULL,
  `payment_methods_id` int(11) NOT NULL,
  `reference` varchar(200) CHARACTER SET utf8 NOT NULL,
  `status` enum('Cleared','Uncleared','Reconciled','Void') CHARACTER SET utf8 NOT NULL DEFAULT 'Cleared',
  `notes` text CHARACTER SET utf8 NOT NULL,
  `date` date NOT NULL,
  `type` varchar(20) CHARACTER SET utf8 NOT NULL DEFAULT 'Transfer',
  `permission` text,
  PRIMARY KEY (`transfer_id`)
) ENGINE=InnoDB DEFAULT CHARSET=latin1;

INSERT INTO `tbl_transfer` (`transfer_id`, `to_account_id`, `from_account_id`, `amount`, `payment_methods_id`, `reference`, `status`, `notes`, `date`, `type`, `permission`) VALUES
(1,	2,	1,	19000.00,	2,	'',	'Cleared',	'Cash received.',	'2016-04-16',	'Transfer',	NULL),
(2,	1,	2,	10.00,	2,	'',	'Cleared',	'',	'2016-04-22',	'Transfer',	NULL),
(3,	1,	2,	10000.00,	2,	'',	'Cleared',	'Cash',	'2016-04-22',	'Transfer',	NULL);

DROP TABLE IF EXISTS `tbl_updates`;
CREATE TABLE `tbl_updates` (
  `build` int(11) NOT NULL DEFAULT '0',
  `code` varchar(50) DEFAULT NULL,
  `date` timestamp NULL DEFAULT NULL,
  `version` varchar(10) DEFAULT NULL,
  `title` varchar(255) DEFAULT NULL,
  `description` text,
  `filename` varchar(255) DEFAULT NULL,
  `importance` enum('low','medium','high') DEFAULT 'low',
  `dependencies` varchar(255) DEFAULT NULL,
  `installed` int(11) DEFAULT '0',
  `sql` text,
  `files` text,
  `depends` varchar(255) DEFAULT NULL,
  `includes` varchar(255) DEFAULT NULL,
  PRIMARY KEY (`build`)
) ENGINE=InnoDB DEFAULT CHARSET=utf8;


DROP TABLE IF EXISTS `tbl_uploaded_files`;
CREATE TABLE `tbl_uploaded_files` (
  `uploaded_files_id` int(11) NOT NULL AUTO_INCREMENT,
  `files_id` int(11) NOT NULL,
  `files` text NOT NULL,
  `uploaded_path` text NOT NULL,
  `file_name` text NOT NULL,
  `size` int(10) NOT NULL,
  `ext` varchar(100) NOT NULL,
  `is_image` int(2) NOT NULL,
  `image_width` int(5) NOT NULL,
  `image_height` int(5) NOT NULL,
  PRIMARY KEY (`uploaded_files_id`)
) ENGINE=InnoDB DEFAULT CHARSET=utf8;


DROP TABLE IF EXISTS `tbl_users`;
CREATE TABLE `tbl_users` (
  `user_id` int(11) NOT NULL AUTO_INCREMENT,
  `username` varchar(50) COLLATE utf8_unicode_ci NOT NULL,
  `password` varchar(255) COLLATE utf8_unicode_ci NOT NULL,
  `email` varchar(100) COLLATE utf8_unicode_ci NOT NULL,
  `role_id` int(11) NOT NULL DEFAULT '2',
  `activated` tinyint(1) NOT NULL DEFAULT '0',
  `banned` tinyint(4) NOT NULL DEFAULT '0',
  `ban_reason` varchar(255) COLLATE utf8_unicode_ci DEFAULT NULL,
  `new_password_key` varchar(50) COLLATE utf8_unicode_ci DEFAULT NULL,
  `new_password_requested` datetime DEFAULT NULL,
  `new_email` varchar(100) COLLATE utf8_unicode_ci DEFAULT NULL,
  `new_email_key` varchar(50) COLLATE utf8_unicode_ci DEFAULT NULL,
  `last_ip` varchar(40) COLLATE utf8_unicode_ci DEFAULT NULL,
  `last_login` datetime NOT NULL DEFAULT '0000-00-00 00:00:00',
  `created` datetime NOT NULL DEFAULT '0000-00-00 00:00:00',
  `modified` timestamp NOT NULL DEFAULT CURRENT_TIMESTAMP ON UPDATE CURRENT_TIMESTAMP,
  `online_status` tinyint(1) NOT NULL COMMENT '1 = online 0 = offline ',
  `permission` text COLLATE utf8_unicode_ci,
  PRIMARY KEY (`user_id`),
  UNIQUE KEY `username` (`username`)
) ENGINE=InnoDB DEFAULT CHARSET=utf8 COLLATE=utf8_unicode_ci;

INSERT INTO `tbl_users` (`user_id`, `username`, `password`, `email`, `role_id`, `activated`, `banned`, `ban_reason`, `new_password_key`, `new_password_requested`, `new_email`, `new_email_key`, `last_ip`, `last_login`, `created`, `modified`, `online_status`, `permission`) VALUES
(1,	'amer',	'aafa39e11b6d6bc4593464c1a25fef72deda98f4edb4cb61a4079924f1c2fb98f76aba5035c6acdcd3d91aeed9a30443ef4c40e924204aff675ec0451f134c2d',	'amer@codebite.pk',	1,	1,	0,	'',	NULL,	NULL,	'admin@teamdeck.co',	'49315fd6116d162eea47a98904e37b9a',	'::1',	'2016-04-26 22:20:25',	'0000-00-00 00:00:00',	'2016-04-26 17:43:08',	1,	NULL),
(3,	'rehan',	'b3062f1f463e92ed3c08ad8de6777d650a0ce40375c65d4681f5dfc6d9beb3ef3ac1fa5506e2439cb163d80a582b44c4983be28b3301e6285df53aff230481cf',	'rehan@codebite.pk',	1,	1,	0,	NULL,	NULL,	NULL,	NULL,	NULL,	'39.33.203.171',	'2016-04-19 13:20:08',	'0000-00-00 00:00:00',	'2016-04-21 07:17:04',	1,	NULL),
(4,	'shoaib',	'd074d55dcf23b4e40b67daac40a84266ded2cfd50e04d18bed3df15aef50bc9a0d3e45151efa1650eebcf3283b82aa841cd258f252c78793a46336bca20efc92',	'shoaib@codebite.pk',	1,	0,	0,	NULL,	NULL,	NULL,	NULL,	NULL,	'39.33.203.171',	'0000-00-00 00:00:00',	'0000-00-00 00:00:00',	'2015-12-12 19:13:58',	0,	NULL);

DROP TABLE IF EXISTS `tbl_user_role`;
CREATE TABLE `tbl_user_role` (
  `user_role_id` int(11) NOT NULL AUTO_INCREMENT,
  `user_id` int(11) NOT NULL,
  `menu_id` int(11) NOT NULL,
  PRIMARY KEY (`user_role_id`)
) ENGINE=InnoDB DEFAULT CHARSET=utf8;


-- 2016-04-26 17:46:27
